"ind.GEO.id2","NAME","Pop2015","perCapitaFFL","Industry","PerCapIndustry"
1,"Alabama",4853875,25.2931822699265,"Workforce",42030.7074244804
2,"Alaska",737709,81.8176181503018,"Workforce",48090.2361229157
4,"Arizona",6817565,26.1611805736805,"Workforce",43087.3779714605
5,"Arkansas",2977853,42.5304950146931,"Workforce",42683.8732469333
6,"California",38993940,6.49235387592316,"Workforce",46277.5754386451
8,"Colorado",5448819,31.1371294099528,"Workforce",50747.0517923242
9,"Connecticut",3584730,15.08245229257,"Workforce",50410.9932965663
10,"Delaware",944076,12.542911110761,"Workforce",47402.5396260471
12,"Florida",20244914,15.5072219578996,"Workforce",44407.3064474366
13,"Georgia",10199398,19.256500727924,"Workforce",45155.9297911504
15,"Hawaii",1425157,7.30340709774502,"Workforce",47378.2186804682
16,"Idaho",1652828,56.7490919749199,"Workforce",45027.5527762114
17,"Illinois",12839047,15.8620251309888,"Workforce",48263.1148557989
18,"Indiana",6612768,22.1127435586599,"Workforce",47180.9384511902
19,"Iowa",3121997,41.051335276958,"Workforce",51245.8211843253
20,"Kansas",2906721,38.5009310506569,"Workforce",48751.4625586701
21,"Kentucky",4424611,31.8366376123307,"Workforce",43596.3071103878
22,"Louisiana",4668960,26.0359595636824,"Workforce",43645.9511325863
23,"Maine",1329453,38.866553659502,"Workforce",48772.9915988004
24,"Maryland",5994983,9.81060748976929,"Workforce",50566.7155353068
25,"Massachusetts",6784240,7.19342186527191,"Workforce",51917.429218306
26,"Michigan",9917715,21.9498784333795,"Workforce",45500.8134434192
27,"Minnesota",5482435,26.2547572877445,"Workforce",53136.5351344795
28,"Mississippi",2989390,31.4069160795157,"Workforce",40365.3922706639
29,"Missouri",6076204,36.5050057442967,"Workforce",47403.0990401244
30,"Montana",1032073,103.810958063155,"Workforce",47465.1502364658
31,"Nebraska",1893765,35.9530656062173,"Workforce",52107.2572362463
32,"Nevada",2883758,21.1220322864379,"Workforce",46182.6547165192
33,"New Hampshire",1330111,37.215452560131,"Workforce",53628.0806639446
34,"New Jersey",8935421,3.68663584165812,"Workforce",48957.2455511609
35,"New Mexico",2080328,33.200946012723,"Workforce",42291.744378771
36,"New York",19747183,8.41339926703529,"Workforce",47973.105834893
37,"North Carolina",10035186,23.6273455862749,"Workforce",45350.1509588362
38,"North Dakota",756835,54.4449604548397,"Workforce",53458.0192512238
39,"Ohio",11605090,21.2610128272386,"Workforce",47304.6051344712
40,"Oklahoma",3907414,39.0036839833339,"Workforce",44874.8200216307
41,"Oregon",4024634,35.3205251134023,"Workforce",46743.5051236957
42,"Pennsylvania",12791904,19.9679652121321,"Workforce",47762.0063440126
44,"Rhode Island",1055607,8.57450813718456,"Workforce",49732.0499011469
45,"South Carolina",4894834,22.4310953503299,"Workforce",44244.6464987372
46,"South Dakota",857919,59.6411440315334,"Workforce",50919.9586441144
47,"Tennessee",6595056,23.0873333920697,"Workforce",45470.6373986817
48,"Texas",27429639,22.7174333169338,"Workforce",46278.0461675052
49,"Utah",2990632,30.3294281156229,"Workforce",47292.244582416
50,"Vermont",626088,49.6856091050079,"Workforce",52363.4057832126
51,"Virginia",8367587,20.3880069540341,"Workforce",48778.6980882302
53,"Washington",7160290,16.4962952799122,"Workforce",47455.8153370883
54,"West Virginia",1841053,48.8594664123936,"Workforce",40109.546004379
55,"Wisconsin",5767891,27.2191754050675,"Workforce",51312.6028213779
56,"Wyoming",586555,104.725127141827,"Workforce",50349.583585512
1,"Alabama",4853875,25.2931822699265,"Agriculture",708.361875820865
2,"Alaska",737709,81.8176181503018,"Agriculture",2569.30578317467
4,"Arizona",6817565,26.1611805736805,"Agriculture",631.823825662095
5,"Arkansas",2977853,42.5304950146931,"Agriculture",1386.93884486575
6,"California",38993940,6.49235387592316,"Agriculture",1145.3420711013
8,"Colorado",5448819,31.1371294099528,"Agriculture",1316.46876139582
9,"Connecticut",3584730,15.08245229257,"Agriculture",199.429245717251
10,"Delaware",944076,12.542911110761,"Agriculture",540.846287798864
12,"Florida",20244914,15.5072219578996,"Agriculture",503.440024492077
13,"Georgia",10199398,19.256500727924,"Agriculture",508.745712246938
15,"Hawaii",1425157,7.30340709774502,"Agriculture",676.69737439454
16,"Idaho",1652828,56.7490919749199,"Agriculture",2350.45630882342
17,"Illinois",12839047,15.8620251309888,"Agriculture",538.840616441392
18,"Indiana",6612768,22.1127435586599,"Agriculture",697.862075306438
19,"Iowa",3121997,41.051335276958,"Agriculture",1943.01916369554
20,"Kansas",2906721,38.5009310506569,"Agriculture",1663.97118952937
21,"Kentucky",4424611,31.8366376123307,"Agriculture",1108.30082011729
22,"Louisiana",4668960,26.0359595636824,"Agriculture",1829.63657859566
23,"Maine",1329453,38.866553659502,"Agriculture",1311.44162298329
24,"Maryland",5994983,9.81060748976929,"Agriculture",232.794655130799
25,"Massachusetts",6784240,7.19342186527191,"Agriculture",200.214025447213
26,"Michigan",9917715,21.9498784333795,"Agriculture",530.192690554225
27,"Minnesota",5482435,26.2547572877445,"Agriculture",1153.64796846657
28,"Mississippi",2989390,31.4069160795157,"Agriculture",1159.06589638689
29,"Missouri",6076204,36.5050057442967,"Agriculture",843.536523790182
30,"Montana",1032073,103.810958063155,"Agriculture",3317.78856728158
31,"Nebraska",1893765,35.9530656062173,"Agriculture",2323.30833023105
32,"Nevada",2883758,21.1220322864379,"Agriculture",726.205180878562
33,"New Hampshire",1330111,37.215452560131,"Agriculture",453.646349815918
34,"New Jersey",8935421,3.68663584165812,"Agriculture",162.331467090359
35,"New Mexico",2080328,33.200946012723,"Agriculture",1784.14173149619
36,"New York",19747183,8.41339926703529,"Agriculture",264.837774582835
37,"North Carolina",10035186,23.6273455862749,"Agriculture",554.987221960809
38,"North Dakota",756835,54.4449604548397,"Agriculture",5071.11853970813
39,"Ohio",11605090,21.2610128272386,"Agriculture",513.145524937764
40,"Oklahoma",3907414,39.0036839833339,"Agriculture",2250.59335918846
41,"Oregon",4024634,35.3205251134023,"Agriculture",1627.77534553453
42,"Pennsylvania",12791904,19.9679652121321,"Agriculture",700.755727997959
44,"Rhode Island",1055607,8.57450813718456,"Agriculture",206.705715289876
45,"South Carolina",4894834,22.4310953503299,"Agriculture",450.209343156479
46,"South Dakota",857919,59.6411440315334,"Agriculture",3391.11268080087
47,"Tennessee",6595056,23.0873333920697,"Agriculture",437.191132266352
48,"Texas",27429639,22.7174333169338,"Agriculture",1583.76856509121
49,"Utah",2990632,30.3294281156229,"Agriculture",932.244421914833
50,"Vermont",626088,49.6856091050079,"Agriculture",1274.26176511928
51,"Virginia",8367587,20.3880069540341,"Agriculture",496.726236607997
53,"Washington",7160290,16.4962952799122,"Agriculture",1264.64151591625
54,"West Virginia",1841053,48.8594664123936,"Agriculture",1675.12830972275
55,"Wisconsin",5767891,27.2191754050675,"Agriculture",1221.79840083663
56,"Wyoming",586555,104.725127141827,"Agriculture",6497.42990853373
1,"Alabama",4853875,25.2931822699265,"Construction",2645.08253714815
2,"Alaska",737709,81.8176181503018,"Construction",3445.12538141733
4,"Arizona",6817565,26.1611805736805,"Construction",2842.73050568641
5,"Arkansas",2977853,42.5304950146931,"Construction",2739.79272986276
6,"California",38993940,6.49235387592316,"Construction",2852.33038774743
8,"Colorado",5448819,31.1371294099528,"Construction",4018.85252565739
9,"Connecticut",3584730,15.08245229257,"Construction",3019.11162067994
10,"Delaware",944076,12.542911110761,"Construction",3056.74543151187
12,"Florida",20244914,15.5072219578996,"Construction",3168.32662267669
13,"Georgia",10199398,19.256500727924,"Construction",2954.88027822819
15,"Hawaii",1425157,7.30340709774502,"Construction",3756.91941308922
16,"Idaho",1652828,56.7490919749199,"Construction",2975.92973981564
17,"Illinois",12839047,15.8620251309888,"Construction",2574.64592192863
18,"Indiana",6612768,22.1127435586599,"Construction",2793.52005090758
19,"Iowa",3121997,41.051335276958,"Construction",3235.3970871849
20,"Kansas",2906721,38.5009310506569,"Construction",3199.7567017956
21,"Kentucky",4424611,31.8366376123307,"Construction",2535.47713007991
22,"Louisiana",4668960,26.0359595636824,"Construction",3452.24632466331
23,"Maine",1329453,38.866553659502,"Construction",3526.18708596694
24,"Maryland",5994983,9.81060748976929,"Construction",3413.65438400743
25,"Massachusetts",6784240,7.19342186527191,"Construction",2810.60221926111
26,"Michigan",9917715,21.9498784333795,"Construction",2342.88845767397
27,"Minnesota",5482435,26.2547572877445,"Construction",3244.36131025721
28,"Mississippi",2989390,31.4069160795157,"Construction",2769.62858643402
29,"Missouri",6076204,36.5050057442967,"Construction",3055.14758885646
30,"Montana",1032073,103.810958063155,"Construction",4416.45116188487
31,"Nebraska",1893765,35.9530656062173,"Construction",3589.30490319549
32,"Nevada",2883758,21.1220322864379,"Construction",2861.64789139727
33,"New Hampshire",1330111,37.215452560131,"Construction",3542.11039529784
34,"New Jersey",8935421,3.68663584165812,"Construction",2887.08276867984
35,"New Mexico",2080328,33.200946012723,"Construction",3066.34338431247
36,"New York",19747183,8.41339926703529,"Construction",2709.3535315898
37,"North Carolina",10035186,23.6273455862749,"Construction",3278.81316798712
38,"North Dakota",756835,54.4449604548397,"Construction",4253.23881691518
39,"Ohio",11605090,21.2610128272386,"Construction",2372.05398665586
40,"Oklahoma",3907414,39.0036839833339,"Construction",3275.69589503441
41,"Oregon",4024634,35.3205251134023,"Construction",2676.93907073289
42,"Pennsylvania",12791904,19.9679652121321,"Construction",2707.74389801549
44,"Rhode Island",1055607,8.57450813718456,"Construction",2595.2840403673
45,"South Carolina",4894834,22.4310953503299,"Construction",2837.7468980562
46,"South Dakota",857919,59.6411440315334,"Construction",3751.16998224774
47,"Tennessee",6595056,23.0873333920697,"Construction",2711.10662290055
48,"Texas",27429639,22.7174333169338,"Construction",3765.3102178997
49,"Utah",2990632,30.3294281156229,"Construction",3193.90683975829
50,"Vermont",626088,49.6856091050079,"Construction",3690.37579381812
51,"Virginia",8367587,20.3880069540341,"Construction",3157.55306756894
53,"Washington",7160290,16.4962952799122,"Construction",3072.99006045845
54,"West Virginia",1841053,48.8594664123936,"Construction",2533.06124266928
55,"Wisconsin",5767891,27.2191754050675,"Construction",2894.61087250088
56,"Wyoming",586555,104.725127141827,"Construction",3660.86726734918
1,"Alabama",4853875,25.2931822699265,"Manufacturing",6005.03721253638
2,"Alaska",737709,81.8176181503018,"Manufacturing",1553.59362567083
4,"Arizona",6817565,26.1611805736805,"Manufacturing",3044.8261219365
5,"Arkansas",2977853,42.5304950146931,"Manufacturing",5944.88713848534
6,"California",38993940,6.49235387592316,"Manufacturing",4400.35297792426
8,"Colorado",5448819,31.1371294099528,"Manufacturing",3502.68562783972
9,"Connecticut",3584730,15.08245229257,"Manufacturing",5244.38381691229
10,"Delaware",944076,12.542911110761,"Manufacturing",3841.21617327419
12,"Florida",20244914,15.5072219578996,"Manufacturing",2279.73801222371
13,"Georgia",10199398,19.256500727924,"Manufacturing",4929.4674058214
15,"Hawaii",1425157,7.30340709774502,"Manufacturing",1406.65203903851
16,"Idaho",1652828,56.7490919749199,"Manufacturing",4271.52734585813
17,"Illinois",12839047,15.8620251309888,"Manufacturing",5930.06630476546
18,"Indiana",6612768,22.1127435586599,"Manufacturing",8979.94606797033
19,"Iowa",3121997,41.051335276958,"Manufacturing",8068.32934176426
20,"Kansas",2906721,38.5009310506569,"Manufacturing",5939.44172832549
21,"Kentucky",4424611,31.8366376123307,"Manufacturing",6223.16854521222
22,"Louisiana",4668960,26.0359595636824,"Manufacturing",3416.26400740208
23,"Maine",1329453,38.866553659502,"Manufacturing",4560.82313553018
24,"Maryland",5994983,9.81060748976929,"Manufacturing",2322.5920740726
25,"Massachusetts",6784240,7.19342186527191,"Manufacturing",4675.79271959718
26,"Michigan",9917715,21.9498784333795,"Manufacturing",8228.46794851435
27,"Minnesota",5482435,26.2547572877445,"Manufacturing",7130.9554969644
28,"Mississippi",2989390,31.4069160795157,"Manufacturing",5509.11724465526
29,"Missouri",6076204,36.5050057442967,"Manufacturing",5474.88201515288
30,"Montana",1032073,103.810958063155,"Manufacturing",1958.19481761465
31,"Nebraska",1893765,35.9530656062173,"Manufacturing",5480.14141142116
32,"Nevada",2883758,21.1220322864379,"Manufacturing",2063.8694370332
33,"New Hampshire",1330111,37.215452560131,"Manufacturing",6822.58849073498
34,"New Jersey",8935421,3.68663584165812,"Manufacturing",3913.49215666503
35,"New Mexico",2080328,33.200946012723,"Manufacturing",1513.94395499171
36,"New York",19747183,8.41339926703529,"Manufacturing",2923.71828427376
37,"North Carolina",10035186,23.6273455862749,"Manufacturing",5678.85836894304
38,"North Dakota",756835,54.4449604548397,"Manufacturing",3633.15650042612
39,"Ohio",11605090,21.2610128272386,"Manufacturing",7341.00295646135
40,"Oklahoma",3907414,39.0036839833339,"Manufacturing",4281.42500385165
41,"Oregon",4024634,35.3205251134023,"Manufacturing",5295.33865688159
42,"Pennsylvania",12791904,19.9679652121321,"Manufacturing",5793.58631834635
44,"Rhode Island",1055607,8.57450813718456,"Manufacturing",5684.88083159736
45,"South Carolina",4894834,22.4310953503299,"Manufacturing",6163.39593947415
46,"South Dakota",857919,59.6411440315334,"Manufacturing",5294.43921862087
47,"Tennessee",6595056,23.0873333920697,"Manufacturing",5926.84883949431
48,"Texas",27429639,22.7174333169338,"Manufacturing",4018.98836510389
49,"Utah",2990632,30.3294281156229,"Manufacturing",5351.17660748631
50,"Vermont",626088,49.6856091050079,"Manufacturing",5748.39319712245
51,"Virginia",8367587,20.3880069540341,"Manufacturing",3501.22442706601
53,"Washington",7160290,16.4962952799122,"Manufacturing",4888.74053983847
54,"West Virginia",1841053,48.8594664123936,"Manufacturing",2986.11718402458
55,"Wisconsin",5767891,27.2191754050675,"Manufacturing",9463.02556688398
56,"Wyoming",586555,104.725127141827,"Manufacturing",2076.70209954736
1,"Alabama",4853875,25.2931822699265,"Wholesale",1061.52300996626
2,"Alaska",737709,81.8176181503018,"Wholesale",982.772339770831
4,"Arizona",6817565,26.1611805736805,"Wholesale",1012.35558443521
5,"Arkansas",2977853,42.5304950146931,"Wholesale",1024.39576433088
6,"California",38993940,6.49235387592316,"Wholesale",1355.83118812821
8,"Colorado",5448819,31.1371294099528,"Wholesale",1308.7973742567
9,"Connecticut",3584730,15.08245229257,"Wholesale",1296.16456469525
10,"Delaware",944076,12.542911110761,"Wholesale",779.810100034319
12,"Florida",20244914,15.5072219578996,"Wholesale",1243.87784507259
13,"Georgia",10199398,19.256500727924,"Wholesale",1309.69494474086
15,"Hawaii",1425157,7.30340709774502,"Wholesale",1227.37354551113
16,"Idaho",1652828,56.7490919749199,"Wholesale",1247.92174382331
17,"Illinois",12839047,15.8620251309888,"Wholesale",1517.56590656612
18,"Indiana",6612768,22.1127435586599,"Wholesale",1272.25089402804
19,"Iowa",3121997,41.051335276958,"Wholesale",1396.47795945992
20,"Kansas",2906721,38.5009310506569,"Wholesale",1388.36854311095
21,"Kentucky",4424611,31.8366376123307,"Wholesale",1030.98328870041
22,"Louisiana",4668960,26.0359595636824,"Wholesale",1094.35505979918
23,"Maine",1329453,38.866553659502,"Wholesale",1026.36196992297
24,"Maryland",5994983,9.81060748976929,"Wholesale",1020.97036805609
25,"Massachusetts",6784240,7.19342186527191,"Wholesale",1181.22295201821
26,"Michigan",9917715,21.9498784333795,"Wholesale",1136.46137240282
27,"Minnesota",5482435,26.2547572877445,"Wholesale",1557.42840544393
28,"Mississippi",2989390,31.4069160795157,"Wholesale",1070.38559706161
29,"Missouri",6076204,36.5050057442967,"Wholesale",1258.45017711716
30,"Montana",1032073,103.810958063155,"Wholesale",1119.00999251022
31,"Nebraska",1893765,35.9530656062173,"Wholesale",1596.81903509675
32,"Nevada",2883758,21.1220322864379,"Wholesale",934.509761221295
33,"New Hampshire",1330111,37.215452560131,"Wholesale",1552.95309940298
34,"New Jersey",8935421,3.68663584165812,"Wholesale",1698.9686328154
35,"New Mexico",2080328,33.200946012723,"Wholesale",1026.56888721394
36,"New York",19747183,8.41339926703529,"Wholesale",1192.08901846912
37,"North Carolina",10035186,23.6273455862749,"Wholesale",1181.88143199339
38,"North Dakota",756835,54.4449604548397,"Wholesale",2137.71826091552
39,"Ohio",11605090,21.2610128272386,"Wholesale",1288.19337032285
40,"Oklahoma",3907414,39.0036839833339,"Wholesale",1188.02358797916
41,"Oregon",4024634,35.3205251134023,"Wholesale",1324.79127294556
42,"Pennsylvania",12791904,19.9679652121321,"Wholesale",1362.23661465877
44,"Rhode Island",1055607,8.57450813718456,"Wholesale",1539.01972988053
45,"South Carolina",4894834,22.4310953503299,"Wholesale",1173.01220020945
46,"South Dakota",857919,59.6411440315334,"Wholesale",1472.40007506536
47,"Tennessee",6595056,23.0873333920697,"Wholesale",1234.77344240898
48,"Texas",27429639,22.7174333169338,"Wholesale",1405.84424023955
49,"Utah",2990632,30.3294281156229,"Wholesale",1333.16302373545
50,"Vermont",626088,49.6856091050079,"Wholesale",1129.23422905406
51,"Virginia",8367587,20.3880069540341,"Wholesale",957.348874890694
53,"Washington",7160290,16.4962952799122,"Wholesale",1361.88618058766
54,"West Virginia",1841053,48.8594664123936,"Wholesale",899.21365653243
55,"Wisconsin",5767891,27.2191754050675,"Wholesale",1341.04475968773
56,"Wyoming",586555,104.725127141827,"Wholesale",924.380492877906
1,"Alabama",4853875,25.2931822699265,"Retail",4969.94669207592
2,"Alaska",737709,81.8176181503018,"Retail",5286.50185913416
4,"Arizona",6817565,26.1611805736805,"Retail",5399.27378763532
5,"Arkansas",2977853,42.5304950146931,"Retail",5870.13529546287
6,"California",38993940,6.49235387592316,"Retail",4992.69117201288
8,"Colorado",5448819,31.1371294099528,"Retail",5730.52619292364
9,"Connecticut",3584730,15.08245229257,"Retail",5496.73197144555
10,"Delaware",944076,12.542911110761,"Retail",5807.68921146179
12,"Florida",20244914,15.5072219578996,"Retail",5809.38995344707
13,"Georgia",10199398,19.256500727924,"Retail",5396.34790210167
15,"Hawaii",1425157,7.30340709774502,"Retail",5440.52339496631
16,"Idaho",1652828,56.7490919749199,"Retail",5360.81189331255
17,"Illinois",12839047,15.8620251309888,"Retail",5307.62914101023
18,"Indiana",6612768,22.1127435586599,"Retail",5443.98351794589
19,"Iowa",3121997,41.051335276958,"Retail",5977.8084347935
20,"Kansas",2906721,38.5009310506569,"Retail",5446.3087444581
21,"Kentucky",4424611,31.8366376123307,"Retail",5330.79631181137
22,"Louisiana",4668960,26.0359595636824,"Retail",5008.07460333779
23,"Maine",1329453,38.866553659502,"Retail",6386.08510417442
24,"Maryland",5994983,9.81060748976929,"Retail",5005.00168223997
25,"Massachusetts",6784240,7.19342186527191,"Retail",5521.1637559992
26,"Michigan",9917715,21.9498784333795,"Retail",5193.15184999771
27,"Minnesota",5482435,26.2547572877445,"Retail",5841.58316514469
28,"Mississippi",2989390,31.4069160795157,"Retail",4806.09756505508
29,"Missouri",6076204,36.5050057442967,"Retail",5622.16146791648
30,"Montana",1032073,103.810958063155,"Retail",5425.00385147175
31,"Nebraska",1893765,35.9530656062173,"Retail",6116.91524555581
32,"Nevada",2883758,21.1220322864379,"Retail",5607.68275285235
33,"New Hampshire",1330111,37.215452560131,"Retail",6581.18006692674
34,"New Jersey",8935421,3.68663584165812,"Retail",5531.79307387979
35,"New Mexico",2080328,33.200946012723,"Retail",5057.51977572767
36,"New York",19747183,8.41339926703529,"Retail",5074.01486075254
37,"North Carolina",10035186,23.6273455862749,"Retail",5348.45094052068
38,"North Dakota",756835,54.4449604548397,"Retail",6216.01802242232
39,"Ohio",11605090,21.2610128272386,"Retail",5549.81477954932
40,"Oklahoma",3907414,39.0036839833339,"Retail",5285.0043532628
41,"Oregon",4024634,35.3205251134023,"Retail",5594.37205967052
42,"Pennsylvania",12791904,19.9679652121321,"Retail",5483.44484136216
44,"Rhode Island",1055607,8.57450813718456,"Retail",5835.69453404534
45,"South Carolina",4894834,22.4310953503299,"Retail",5376.93413096338
46,"South Dakota",857919,59.6411440315334,"Retail",5359.59688502061
47,"Tennessee",6595056,23.0873333920697,"Retail",5614.41783056884
48,"Texas",27429639,22.7174333169338,"Retail",5409.29831413385
49,"Utah",2990632,30.3294281156229,"Retail",5824.05324359533
50,"Vermont",626088,49.6856091050079,"Retail",5998.19833633611
51,"Virginia",8367587,20.3880069540341,"Retail",5269.50003627091
53,"Washington",7160290,16.4962952799122,"Retail",5565.57066822712
54,"West Virginia",1841053,48.8594664123936,"Retail",4893.93841459208
55,"Wisconsin",5767891,27.2191754050675,"Retail",5825.97694720653
56,"Wyoming",586555,104.725127141827,"Retail",5974.54629148162
1,"Alabama",4853875,25.2931822699265,"Transportation",2229.70307228761
2,"Alaska",737709,81.8176181503018,"Transportation",3661.60640577789
4,"Arizona",6817565,26.1611805736805,"Transportation",2164.07177636003
5,"Arkansas",2977853,42.5304950146931,"Transportation",2364.75742758289
6,"California",38993940,6.49235387592316,"Transportation",2307.30980249752
8,"Colorado",5448819,31.1371294099528,"Transportation",2316.09822238544
9,"Connecticut",3584730,15.08245229257,"Transportation",2044.67282054715
10,"Delaware",944076,12.542911110761,"Transportation",1897.62264902402
12,"Florida",20244914,15.5072219578996,"Transportation",2283.76865419137
13,"Georgia",10199398,19.256500727924,"Transportation",2723.01365237439
15,"Hawaii",1425157,7.30340709774502,"Transportation",2719.77052352828
16,"Idaho",1652828,56.7490919749199,"Transportation",2204.88762291055
17,"Illinois",12839047,15.8620251309888,"Transportation",2932.00889442963
18,"Indiana",6612768,22.1127435586599,"Transportation",2387.06393449763
19,"Iowa",3121997,41.051335276958,"Transportation",2372.68005062144
20,"Kansas",2906721,38.5009310506569,"Transportation",2238.0888981089
21,"Kentucky",4424611,31.8366376123307,"Transportation",2562.1461412088
22,"Louisiana",4668960,26.0359595636824,"Transportation",2226.79140536651
23,"Maine",1329453,38.866553659502,"Transportation",1864.67667529428
24,"Maryland",5994983,9.81060748976929,"Transportation",2306.24507192097
25,"Massachusetts",6784240,7.19342186527191,"Transportation",1913.87686756365
26,"Michigan",9917715,21.9498784333795,"Transportation",1938.47070620602
27,"Minnesota",5482435,26.2547572877445,"Transportation",2429.28552732499
28,"Mississippi",2989390,31.4069160795157,"Transportation",2347.80339801766
29,"Missouri",6076204,36.5050057442967,"Transportation",2531.81097935487
30,"Montana",1032073,103.810958063155,"Transportation",2180.07834717118
31,"Nebraska",1893765,35.9530656062173,"Transportation",2959.18448170708
32,"Nevada",2883758,21.1220322864379,"Transportation",2392.08699204302
33,"New Hampshire",1330111,37.215452560131,"Transportation",2169.21745628748
34,"New Jersey",8935421,3.68663584165812,"Transportation",2849.88250693504
35,"New Mexico",2080328,33.200946012723,"Transportation",1843.98806342077
36,"New York",19747183,8.41339926703529,"Transportation",2609.19747388779
37,"North Carolina",10035186,23.6273455862749,"Transportation",1926.27221857173
38,"North Dakota",756835,54.4449604548397,"Transportation",3085.74524169733
39,"Ohio",11605090,21.2610128272386,"Transportation",2393.81168090898
40,"Oklahoma",3907414,39.0036839833339,"Transportation",2353.26996320328
41,"Oregon",4024634,35.3205251134023,"Transportation",1920.02552281773
42,"Pennsylvania",12791904,19.9679652121321,"Transportation",2583.46216481925
44,"Rhode Island",1055607,8.57450813718456,"Transportation",1839.88927697524
45,"South Carolina",4894834,22.4310953503299,"Transportation",2051.42809745948
46,"South Dakota",857919,59.6411440315334,"Transportation",2328.42494454605
47,"Tennessee",6595056,23.0873333920697,"Transportation",2934.50123850351
48,"Texas",27429639,22.7174333169338,"Transportation",2652.34624487767
49,"Utah",2990632,30.3294281156229,"Transportation",2115.07132940462
50,"Vermont",626088,49.6856091050079,"Transportation",1779.30259005124
51,"Virginia",8367587,20.3880069540341,"Transportation",2032.44973730181
53,"Washington",7160290,16.4962952799122,"Transportation",2580.04913208823
54,"West Virginia",1841053,48.8594664123936,"Transportation",2120.30832355179
55,"Wisconsin",5767891,27.2191754050675,"Transportation",2247.40724122561
56,"Wyoming",586555,104.725127141827,"Transportation",2891.97091491846
1,"Alabama",4853875,25.2931822699265,"Information",694.064021014138
2,"Alaska",737709,81.8176181503018,"Information",937.49703473863
4,"Arizona",6817565,26.1611805736805,"Information",805.566210223152
5,"Arkansas",2977853,42.5304950146931,"Information",695.736156217248
6,"California",38993940,6.49235387592316,"Information",1342.54707269899
8,"Colorado",5448819,31.1371294099528,"Information",1496.34260194732
9,"Connecticut",3584730,15.08245229257,"Information",1173.36591598251
10,"Delaware",944076,12.542911110761,"Information",715.93812362564
12,"Florida",20244914,15.5072219578996,"Information",857.217768373825
13,"Georgia",10199398,19.256500727924,"Information",1152.90137712049
15,"Hawaii",1425157,7.30340709774502,"Information",790.930402755626
16,"Idaho",1652828,56.7490919749199,"Information",804.378919040578
17,"Illinois",12839047,15.8620251309888,"Information",919.086907307061
18,"Indiana",6612768,22.1127435586599,"Information",773.957289897362
19,"Iowa",3121997,41.051335276958,"Information",880.974581333678
20,"Kansas",2906721,38.5009310506569,"Information",1029.1665419557
21,"Kentucky",4424611,31.8366376123307,"Information",686.930444280864
22,"Louisiana",4668960,26.0359595636824,"Information",700.412939926665
23,"Maine",1329453,38.866553659502,"Information",943.997268049341
24,"Maryland",5994983,9.81060748976929,"Information",1094.33171036515
25,"Massachusetts",6784240,7.19342186527191,"Information",1251.79828543802
26,"Michigan",9917715,21.9498784333795,"Information",670.1140333232
27,"Minnesota",5482435,26.2547572877445,"Information",904.816928974078
28,"Mississippi",2989390,31.4069160795157,"Information",484.848079374053
29,"Missouri",6076204,36.5050057442967,"Information",940.323925924804
30,"Montana",1032073,103.810958063155,"Information",878.523127724492
31,"Nebraska",1893765,35.9530656062173,"Information",882.686077734038
32,"Nevada",2883758,21.1220322864379,"Information",646.448141626308
33,"New Hampshire",1330111,37.215452560131,"Information",1141.25813559921
34,"New Jersey",8935421,3.68663584165812,"Information",1364.2893826715
35,"New Mexico",2080328,33.200946012723,"Information",672.393968643406
36,"New York",19747183,8.41339926703529,"Information",1422.26868510815
37,"North Carolina",10035186,23.6273455862749,"Information",815.281351038237
38,"North Dakota",756835,54.4449604548397,"Information",638.844662310808
39,"Ohio",11605090,21.2610128272386,"Information",777.253773990551
40,"Oklahoma",3907414,39.0036839833339,"Information",780.720957646157
41,"Oregon",4024634,35.3205251134023,"Information",865.842707684724
42,"Pennsylvania",12791904,19.9679652121321,"Information",778.476761551681
44,"Rhode Island",1055607,8.57450813718456,"Information",786.372201017992
45,"South Carolina",4894834,22.4310953503299,"Information",836.800594259172
46,"South Dakota",857919,59.6411440315334,"Information",766.62249000197
47,"Tennessee",6595056,23.0873333920697,"Information",829.530484653959
48,"Texas",27429639,22.7174333169338,"Information",834.837819046762
49,"Utah",2990632,30.3294281156229,"Information",1020.4866396133
50,"Vermont",626088,49.6856091050079,"Information",1211.81048031587
51,"Virginia",8367587,20.3880069540341,"Information",991.444725940704
53,"Washington",7160290,16.4962952799122,"Information",1043.35159609457
54,"West Virginia",1841053,48.8594664123936,"Information",587.978727391335
55,"Wisconsin",5767891,27.2191754050675,"Information",787.93097858472
56,"Wyoming",586555,104.725127141827,"Information",729.513856330608
1,"Alabama",4853875,25.2931822699265,"Finance",2295.91820967783
2,"Alaska",737709,81.8176181503018,"Finance",1714.90384419873
4,"Arizona",6817565,26.1611805736805,"Finance",3552.16268565096
5,"Arkansas",2977853,42.5304950146931,"Finance",1932.4661089718
6,"California",38993940,6.49235387592316,"Finance",2793.69050678131
8,"Colorado",5448819,31.1371294099528,"Finance",3489.87551247344
9,"Connecticut",3584730,15.08245229257,"Finance",4681.69150814706
10,"Delaware",944076,12.542911110761,"Finance",4632.9956486554
12,"Florida",20244914,15.5072219578996,"Finance",3505.30508551432
13,"Georgia",10199398,19.256500727924,"Finance",2698.04159029778
15,"Hawaii",1425157,7.30340709774502,"Finance",3237.04686571374
16,"Idaho",1652828,56.7490919749199,"Finance",2249.47786460539
17,"Illinois",12839047,15.8620251309888,"Finance",3530.11403416469
18,"Indiana",6612768,22.1127435586599,"Finance",2516.28365005396
19,"Iowa",3121997,41.051335276958,"Finance",3760.41360705984
20,"Kansas",2906721,38.5009310506569,"Finance",3017.86789994637
21,"Kentucky",4424611,31.8366376123307,"Finance",2335.21093718747
22,"Louisiana",4668960,26.0359595636824,"Finance",2263.11641136356
23,"Maine",1329453,38.866553659502,"Finance",3052.60885492003
24,"Maryland",5994983,9.81060748976929,"Finance",2993.21949703611
25,"Massachusetts",6784240,7.19342186527191,"Finance",3832.23470867776
26,"Michigan",9917715,21.9498784333795,"Finance",2464.40838439096
27,"Minnesota",5482435,26.2547572877445,"Finance",3878.60503590102
28,"Mississippi",2989390,31.4069160795157,"Finance",1899.25034873335
29,"Missouri",6076204,36.5050057442967,"Finance",3154.68341747578
30,"Montana",1032073,103.810958063155,"Finance",2543.2309536244
31,"Nebraska",1893765,35.9530656062173,"Finance",3795.71910981563
32,"Nevada",2883758,21.1220322864379,"Finance",2801.72608103731
33,"New Hampshire",1330111,37.215452560131,"Finance",3402.79871379156
34,"New Jersey",8935421,3.68663584165812,"Finance",4152.78698116183
35,"New Mexico",2080328,33.200946012723,"Finance",1896.04716179372
36,"New York",19747183,8.41339926703529,"Finance",3771.56579751147
37,"North Carolina",10035186,23.6273455862749,"Finance",2875.70155650329
38,"North Dakota",756835,54.4449604548397,"Finance",2729.7891878679
39,"Ohio",11605090,21.2610128272386,"Finance",3078.17518002876
40,"Oklahoma",3907414,39.0036839833339,"Finance",2499.35123332209
41,"Oregon",4024634,35.3205251134023,"Finance",2520.77580222202
42,"Pennsylvania",12791904,19.9679652121321,"Finance",2984.58306128626
44,"Rhode Island",1055607,8.57450813718456,"Finance",3218.14842076644
45,"South Carolina",4894834,22.4310953503299,"Finance",2594.34742832954
46,"South Dakota",857919,59.6411440315334,"Finance",3541.47652633873
47,"Tennessee",6595056,23.0873333920697,"Finance",2593.30625850637
48,"Texas",27429639,22.7174333169338,"Finance",3033.01840757
49,"Utah",2990632,30.3294281156229,"Finance",3190.12837420318
50,"Vermont",626088,49.6856091050079,"Finance",2488.30835281941
51,"Virginia",8367587,20.3880069540341,"Finance",3134.76274581908
53,"Washington",7160290,16.4962952799122,"Finance",2573.63877720036
54,"West Virginia",1841053,48.8594664123936,"Finance",1588.9276408664
55,"Wisconsin",5767891,27.2191754050675,"Finance",3092.63819305878
56,"Wyoming",586555,104.725127141827,"Finance",1921.55893309238
1,"Alabama",4853875,25.2931822699265,"Sciences",4041.08057994901
2,"Alaska",737709,81.8176181503018,"Sciences",4114.22390129441
4,"Arizona",6817565,26.1611805736805,"Sciences",5242.26758380742
5,"Arkansas",2977853,42.5304950146931,"Sciences",3070.90376858764
6,"California",38993940,6.49235387592316,"Sciences",6129.62937317952
8,"Colorado",5448819,31.1371294099528,"Sciences",6992.06562009125
9,"Connecticut",3584730,15.08245229257,"Sciences",5808.41513865758
10,"Delaware",944076,12.542911110761,"Sciences",4800.88467453891
12,"Florida",20244914,15.5072219578996,"Sciences",5750.48133076782
13,"Georgia",10199398,19.256500727924,"Sciences",5332.06959861749
15,"Hawaii",1425157,7.30340709774502,"Sciences",4708.6742022107
16,"Idaho",1652828,56.7490919749199,"Sciences",4474.69428155864
17,"Illinois",12839047,15.8620251309888,"Sciences",5650.10783121208
18,"Indiana",6612768,22.1127435586599,"Sciences",3903.31250090734
19,"Iowa",3121997,41.051335276958,"Sciences",3647.69729118894
20,"Kansas",2906721,38.5009310506569,"Sciences",4573.67597371746
21,"Kentucky",4424611,31.8366376123307,"Sciences",3430.99088258832
22,"Louisiana",4668960,26.0359595636824,"Sciences",3997.37843117097
23,"Maine",1329453,38.866553659502,"Sciences",4070.01977505034
24,"Maryland",5994983,9.81060748976929,"Sciences",7848.76287388972
25,"Massachusetts",6784240,7.19342186527191,"Sciences",7016.09907668361
26,"Michigan",9917715,21.9498784333795,"Sciences",4267.75724045307
27,"Minnesota",5482435,26.2547572877445,"Sciences",5209.40056744859
28,"Mississippi",2989390,31.4069160795157,"Sciences",2718.88244758964
29,"Missouri",6076204,36.5050057442967,"Sciences",4641.45048454594
30,"Montana",1032073,103.810958063155,"Sciences",3791.97983088406
31,"Nebraska",1893765,35.9530656062173,"Sciences",4433.97148009389
32,"Nevada",2883758,21.1220322864379,"Sciences",5374.37607455272
33,"New Hampshire",1330111,37.215452560131,"Sciences",5845.97826797914
34,"New Jersey",8935421,3.68663584165812,"Sciences",6488.84926630765
35,"New Mexico",2080328,33.200946012723,"Sciences",4933.74121773105
36,"New York",19747183,8.41339926703529,"Sciences",5593.68898338563
37,"North Carolina",10035186,23.6273455862749,"Sciences",4852.70527123264
38,"North Dakota",756835,54.4449604548397,"Sciences",3667.11370377956
39,"Ohio",11605090,21.2610128272386,"Sciences",4404.52422169927
40,"Oklahoma",3907414,39.0036839833339,"Sciences",3799.87889688679
41,"Oregon",4024634,35.3205251134023,"Sciences",5286.76644882491
42,"Pennsylvania",12791904,19.9679652121321,"Sciences",4927.7417966864
44,"Rhode Island",1055607,8.57450813718456,"Sciences",4632.31107789168
45,"South Carolina",4894834,22.4310953503299,"Sciences",4398.984725529
46,"South Dakota",857919,59.6411440315334,"Sciences",3326.30469776284
47,"Tennessee",6595056,23.0873333920697,"Sciences",4515.67052652775
48,"Texas",27429639,22.7174333169338,"Sciences",5267.07259982532
49,"Utah",2990632,30.3294281156229,"Sciences",5607.74445000254
50,"Vermont",626088,49.6856091050079,"Sciences",4502.56194017454
51,"Virginia",8367587,20.3880069540341,"Sciences",7174.5773303582
53,"Washington",7160290,16.4962952799122,"Sciences",5911.52034344978
54,"West Virginia",1841053,48.8594664123936,"Sciences",3210.01079273655
55,"Wisconsin",5767891,27.2191754050675,"Sciences",4206.66756705354
56,"Wyoming",586555,104.725127141827,"Sciences",3236.69562104151
1,"Alabama",4853875,25.2931822699265,"Education",9472.37001364889
2,"Alaska",737709,81.8176181503018,"Education",11262.2999041628
4,"Arizona",6817565,26.1611805736805,"Education",9337.98210944817
5,"Arkansas",2977853,42.5304950146931,"Education",10409.9497188075
6,"California",38993940,6.49235387592316,"Education",9618.96899877263
8,"Colorado",5448819,31.1371294099528,"Education",10483.4093406296
9,"Connecticut",3584730,15.08245229257,"Education",13256.6469441213
10,"Delaware",944076,12.542911110761,"Education",11839.3010732187
12,"Florida",20244914,15.5072219578996,"Education",9252.39791090246
13,"Georgia",10199398,19.256500727924,"Education",9453.2049832745
15,"Hawaii",1425157,7.30340709774502,"Education",9294.62508341186
16,"Idaho",1652828,56.7490919749199,"Education",10523.478547072
17,"Illinois",12839047,15.8620251309888,"Education",10941.5519703293
18,"Indiana",6612768,22.1127435586599,"Education",10490.0549966368
19,"Iowa",3121997,41.051335276958,"Education",12428.0388482116
20,"Kansas",2906721,38.5009310506569,"Education",11912.7016318388
21,"Kentucky",4424611,31.8366376123307,"Education",10326.6479245294
22,"Louisiana",4668960,26.0359595636824,"Education",10313.6887015524
23,"Maine",1329453,38.866553659502,"Education",13648.7713367829
24,"Maryland",5994983,9.81060748976929,"Education",11720.3501661306
25,"Massachusetts",6784240,7.19342186527191,"Education",14604.3329835029
26,"Michigan",9917715,21.9498784333795,"Education",10687.6331897015
27,"Minnesota",5482435,26.2547572877445,"Education",13258.3240840977
28,"Mississippi",2989390,31.4069160795157,"Education",9772.42848875523
29,"Missouri",6076204,36.5050057442967,"Education",11376.560102327
30,"Montana",1032073,103.810958063155,"Education",11476.1262042511
31,"Nebraska",1893765,35.9530656062173,"Education",12530.4882073541
32,"Nevada",2883758,21.1220322864379,"Education",7012.10018316378
33,"New Hampshire",1330111,37.215452560131,"Education",13458.4256501901
34,"New Jersey",8935421,3.68663584165812,"Education",11566.6514202297
35,"New Mexico",2080328,33.200946012723,"Education",10550.1151741456
36,"New York",19747183,8.41339926703529,"Education",13165.1334775193
37,"North Carolina",10035186,23.6273455862749,"Education",10431.4459144056
38,"North Dakota",756835,54.4449604548397,"Education",12766.4550397379
39,"Ohio",11605090,21.2610128272386,"Education",11272.7691039018
40,"Oklahoma",3907414,39.0036839833339,"Education",10001.83241397
41,"Oregon",4024634,35.3205251134023,"Education",10775.3649151699
42,"Pennsylvania",12791904,19.9679652121321,"Education",12218.3921955637
44,"Rhode Island",1055607,8.57450813718456,"Education",13620.6940651208
45,"South Carolina",4894834,22.4310953503299,"Education",9617.3435095041
46,"South Dakota",857919,59.6411440315334,"Education",12357.1106363188
47,"Tennessee",6595056,23.0873333920697,"Education",10196.2591371476
48,"Texas",27429639,22.7174333169338,"Education",9816.6184396375
49,"Utah",2990632,30.3294281156229,"Education",9848.98844123918
50,"Vermont",626088,49.6856091050079,"Education",14805.4267131777
51,"Virginia",8367587,20.3880069540341,"Education",10679.8531046047
53,"Washington",7160290,16.4962952799122,"Education",10128.8914275818
54,"West Virginia",1841053,48.8594664123936,"Education",11487.6106228338
55,"Wisconsin",5767891,27.2191754050675,"Education",11860.1235702963
56,"Wyoming",586555,104.725127141827,"Education",11176.9569776065
1,"Alabama",4853875,25.2931822699265,"Arts, Entertainment, and Accomodation",3527.88236203034
2,"Alaska",737709,81.8176181503018,"Arts, Entertainment, and Accomodation",4652.1053694614
4,"Arizona",6817565,26.1611805736805,"Arts, Entertainment, and Accomodation",4832.28249382294
5,"Arkansas",2977853,42.5304950146931,"Arts, Entertainment, and Accomodation",3279.81267040381
6,"California",38993940,6.49235387592316,"Arts, Entertainment, and Accomodation",4877.99129813504
8,"Colorado",5448819,31.1371294099528,"Arts, Entertainment, and Accomodation",5311.05914878068
9,"Connecticut",3584730,15.08245229257,"Arts, Entertainment, and Accomodation",4072.6637710511
10,"Delaware",944076,12.542911110761,"Arts, Entertainment, and Accomodation",4805.96901096946
12,"Florida",20244914,15.5072219578996,"Arts, Entertainment, and Accomodation",5576.25979542319
13,"Georgia",10199398,19.256500727924,"Arts, Entertainment, and Accomodation",4148.49974478886
15,"Hawaii",1425157,7.30340709774502,"Arts, Entertainment, and Accomodation",7556.00961858939
16,"Idaho",1652828,56.7490919749199,"Arts, Entertainment, and Accomodation",4279.5741601667
17,"Illinois",12839047,15.8620251309888,"Arts, Entertainment, and Accomodation",4429.83034488463
18,"Indiana",6612768,22.1127435586599,"Arts, Entertainment, and Accomodation",4226.65667387696
19,"Iowa",3121997,41.051335276958,"Arts, Entertainment, and Accomodation",3926.97366461275
20,"Kansas",2906721,38.5009310506569,"Arts, Entertainment, and Accomodation",4007.57417034521
21,"Kentucky",4424611,31.8366376123307,"Arts, Entertainment, and Accomodation",4013.91218346652
22,"Louisiana",4668960,26.0359595636824,"Arts, Entertainment, and Accomodation",4662.51584935403
23,"Maine",1329453,38.866553659502,"Arts, Entertainment, and Accomodation",4248.5894574686
24,"Maryland",5994983,9.81060748976929,"Arts, Entertainment, and Accomodation",4483.21538192852
25,"Massachusetts",6784240,7.19342186527191,"Arts, Entertainment, and Accomodation",4718.53884886148
26,"Michigan",9917715,21.9498784333795,"Arts, Entertainment, and Accomodation",4439.05677870356
27,"Minnesota",5482435,26.2547572877445,"Arts, Entertainment, and Accomodation",4487.44034356997
28,"Mississippi",2989390,31.4069160795157,"Arts, Entertainment, and Accomodation",3850.21693388952
29,"Missouri",6076204,36.5050057442967,"Arts, Entertainment, and Accomodation",4343.22152449128
30,"Montana",1032073,103.810958063155,"Arts, Entertainment, and Accomodation",4916.22201142749
31,"Nebraska",1893765,35.9530656062173,"Arts, Entertainment, and Accomodation",4241.92019601165
32,"Nevada",2883758,21.1220322864379,"Arts, Entertainment, and Accomodation",11825.5762099316
33,"New Hampshire",1330111,37.215452560131,"Arts, Entertainment, and Accomodation",4490.37711890211
34,"New Jersey",8935421,3.68663584165812,"Arts, Entertainment, and Accomodation",4189.40528935346
35,"New Mexico",2080328,33.200946012723,"Arts, Entertainment, and Accomodation",4986.61749493349
36,"New York",19747183,8.41339926703529,"Arts, Entertainment, and Accomodation",4724.93215867803
37,"North Carolina",10035186,23.6273455862749,"Arts, Entertainment, and Accomodation",4327.54310682433
38,"North Dakota",756835,54.4449604548397,"Arts, Entertainment, and Accomodation",4410.07617248145
39,"Ohio",11605090,21.2610128272386,"Arts, Entertainment, and Accomodation",4426.38531885578
40,"Oklahoma",3907414,39.0036839833339,"Arts, Entertainment, and Accomodation",4249.81842210731
41,"Oregon",4024634,35.3205251134023,"Arts, Entertainment, and Accomodation",4586.52886200335
42,"Pennsylvania",12791904,19.9679652121321,"Arts, Entertainment, and Accomodation",4112.70284705076
44,"Rhode Island",1055607,8.57450813718456,"Arts, Entertainment, and Accomodation",5530.183107918
45,"South Carolina",4894834,22.4310953503299,"Arts, Entertainment, and Accomodation",4531.53263215872
46,"South Dakota",857919,59.6411440315334,"Arts, Entertainment, and Accomodation",4861.88090017822
47,"Tennessee",6595056,23.0873333920697,"Arts, Entertainment, and Accomodation",4340.93357205761
48,"Texas",27429639,22.7174333169338,"Arts, Entertainment, and Accomodation",4222.0023384194
49,"Utah",2990632,30.3294281156229,"Arts, Entertainment, and Accomodation",4360.28237509664
50,"Vermont",626088,49.6856091050079,"Arts, Entertainment, and Accomodation",4974.06115434252
51,"Virginia",8367587,20.3880069540341,"Arts, Entertainment, and Accomodation",4456.3743406552
53,"Washington",7160290,16.4962952799122,"Arts, Entertainment, and Accomodation",4405.85507011587
54,"West Virginia",1841053,48.8594664123936,"Arts, Entertainment, and Accomodation",3762.62932137206
55,"Wisconsin",5767891,27.2191754050675,"Arts, Entertainment, and Accomodation",4543.46311329392
56,"Wyoming",586555,104.725127141827,"Arts, Entertainment, and Accomodation",5713.01923945751
1,"Alabama",4853875,25.2931822699265,"Other",2184.44026679715
2,"Alaska",737709,81.8176181503018,"Other",2271.89853993919
4,"Arizona",6817565,26.1611805736805,"Other",2029.85963463495
5,"Arkansas",2977853,42.5304950146931,"Other",2008.22538923177
6,"California",38993940,6.49235387592316,"Other",2448.59585874113
8,"Colorado",5448819,31.1371294099528,"Other",2539.26584825079
9,"Connecticut",3584730,15.08245229257,"Other",2189.9836249871
10,"Delaware",944076,12.542911110761,"Other",2154.06386773946
12,"Florida",20244914,15.5072219578996,"Other",2314.7443352933
13,"Georgia",10199398,19.256500727924,"Other",2308.99902131479
15,"Hawaii",1425157,7.30340709774502,"Other",2277.22279019084
16,"Idaho",1652828,56.7490919749199,"Other",2139.36356354079
17,"Illinois",12839047,15.8620251309888,"Other",2231.11575181554
18,"Indiana",6612768,22.1127435586599,"Other",2139.72424255622
19,"Iowa",3121997,41.051335276958,"Other",2075.01800930622
20,"Kansas",2906721,38.5009310506569,"Other",2240.97875234672
21,"Kentucky",4424611,31.8366376123307,"Other",2080.13766633948
22,"Louisiana",4668960,26.0359595636824,"Other",2314.39121346081
23,"Maine",1329453,38.866553659502,"Other",2226.85570682078
24,"Maryland",5994983,9.81060748976929,"Other",2703.22701498903
25,"Massachusetts",6784240,7.19342186527191,"Other",2296.98536608375
26,"Michigan",9917715,21.9498784333795,"Other",2048.76828987322
27,"Minnesota",5482435,26.2547572877445,"Other",2367.52464917505
28,"Mississippi",2989390,31.4069160795157,"Other",1830.6410337895
29,"Missouri",6076204,36.5050057442967,"Other",2220.08675153105
30,"Montana",1032073,103.810958063155,"Other",2417.07708660143
31,"Nebraska",1893765,35.9530656062173,"Other",2191.61300372538
32,"Nevada",2883758,21.1220322864379,"Other",2062.93315874633
33,"New Hampshire",1330111,37.215452560131,"Other",2209.51484500166
34,"New Jersey",8935421,3.68663584165812,"Other",2231.85902488534
35,"New Mexico",2080328,33.200946012723,"Other",2031.17008471741
36,"New York",19747183,8.41339926703529,"Other",2397.08620718206
37,"North Carolina",10035186,23.6273455862749,"Other",2145.02252374794
38,"North Dakota",756835,54.4449604548397,"Other",2519.5716371468
39,"Ohio",11605090,21.2610128272386,"Other",2107.00649456402
40,"Oklahoma",3907414,39.0036839833339,"Other",2322.81503828363
41,"Oregon",4024634,35.3205251134023,"Other",2189.11831485795
42,"Pennsylvania",12791904,19.9679652121321,"Other",2215.15108306004
44,"Rhode Island",1055607,8.57450813718456,"Other",2194.18779905779
45,"South Carolina",4894834,22.4310953503299,"Other",2287.39115565513
46,"South Dakota",857919,59.6411440315334,"Other",2242.75252092564
47,"Tennessee",6595056,23.0873333920697,"Other",2323.16450383439
48,"Texas",27429639,22.7174333169338,"Other",2385.68214477777
49,"Utah",2990632,30.3294281156229,"Other",2116.40883933563
50,"Vermont",626088,49.6856091050079,"Other",2241.69765272613
51,"Virginia",8367587,20.3880069540341,"Other",2662.2967887875
53,"Washington",7160290,16.4962952799122,"Other",2237.32558318169
54,"West Virginia",1841053,48.8594664123936,"Other",1666.11173062372
55,"Wisconsin",5767891,27.2191754050675,"Other",2095.96540572629
56,"Wyoming",586555,104.725127141827,"Other",2347.264962365
1,"Alabama",4853875,25.2931822699265,"Public Administration",2195.2975715279
2,"Alaska",737709,81.8176181503018,"Public Administration",5638.40213417486
4,"Arizona",6817565,26.1611805736805,"Public Administration",2192.17565215733
5,"Arkansas",2977853,42.5304950146931,"Public Administration",1955.87223412304
6,"California",38993940,6.49235387592316,"Public Administration",2012.29473092486
8,"Colorado",5448819,31.1371294099528,"Public Administration",2241.60501569239
9,"Connecticut",3584730,15.08245229257,"Public Administration",1927.73235362217
10,"Delaware",944076,12.542911110761,"Public Administration",2529.45737419445
12,"Florida",20244914,15.5072219578996,"Public Administration",1862.35910905821
13,"Georgia",10199398,19.256500727924,"Public Administration",2240.06358022307
15,"Hawaii",1425157,7.30340709774502,"Public Administration",4285.77342706804
16,"Idaho",1652828,56.7490919749199,"Public Administration",2145.05078568369
17,"Illinois",12839047,15.8620251309888,"Public Administration",1760.55123094417
18,"Indiana",6612768,22.1127435586599,"Public Administration",1556.32255660565
19,"Iowa",3121997,41.051335276958,"Public Administration",1532.99314509271
20,"Kansas",2906721,38.5009310506569,"Public Administration",2093.56178319144
21,"Kentucky",4424611,31.8366376123307,"Public Administration",1931.60483486571
22,"Louisiana",4668960,26.0359595636824,"Public Administration",2367.07960659333
23,"Maine",1329453,38.866553659502,"Public Administration",1906.57360583639
24,"Maryland",5994983,9.81060748976929,"Public Administration",5422.35065553981
25,"Massachusetts",6784240,7.19342186527191,"Public Administration",1894.56740917185
26,"Michigan",9917715,21.9498784333795,"Public Administration",1553.44250162462
27,"Minnesota",5482435,26.2547572877445,"Public Administration",1673.16165171133
28,"Mississippi",2989390,31.4069160795157,"Public Administration",2147.02665092209
29,"Missouri",6076204,36.5050057442967,"Public Administration",1940.78408164045
30,"Montana",1032073,103.810958063155,"Public Administration",3025.46428401867
31,"Nebraska",1893765,35.9530656062173,"Public Administration",1965.18575430426
32,"Nevada",2883758,21.1220322864379,"Public Administration",1873.49285203543
33,"New Hampshire",1330111,37.215452560131,"Public Administration",1958.03207401488
34,"New Jersey",8935421,3.68663584165812,"Public Administration",1919.85358048602
35,"New Mexico",2080328,33.200946012723,"Public Administration",2929.15347964359
36,"New York",19747183,8.41339926703529,"Public Administration",2125.21958195252
37,"North Carolina",10035186,23.6273455862749,"Public Administration",1933.18788510746
38,"North Dakota",756835,54.4449604548397,"Public Administration",2329.17346581487
39,"Ohio",11605090,21.2610128272386,"Public Administration",1780.46874259484
40,"Oklahoma",3907414,39.0036839833339,"Public Administration",2586.39089689498
41,"Oregon",4024634,35.3205251134023,"Public Administration",2079.86614435002
42,"Pennsylvania",12791904,19.9679652121321,"Public Administration",1893.72903361376
44,"Rhode Island",1055607,8.57450813718456,"Public Administration",2048.67910121854
45,"South Carolina",4894834,22.4310953503299,"Public Administration",1925.51984398245
46,"South Dakota",857919,59.6411440315334,"Public Administration",2226.6670862867
47,"Tennessee",6595056,23.0873333920697,"Public Administration",1812.93380981147
48,"Texas",27429639,22.7174333169338,"Public Administration",1883.25847088254
49,"Utah",2990632,30.3294281156229,"Public Administration",2398.58999703073
50,"Vermont",626088,49.6856091050079,"Public Administration",2519.77357815515
51,"Virginia",8367587,20.3880069540341,"Public Administration",4264.58667235847
53,"Washington",7160290,16.4962952799122,"Public Administration",2421.35444234801
54,"West Virginia",1841053,48.8594664123936,"Public Administration",2698.51003746226
55,"Wisconsin",5767891,27.2191754050675,"Public Administration",1731.95020502295
56,"Wyoming",586555,104.725127141827,"Public Administration",3198.67702091023
