"","NAME","Pop2015","Pop2016.x","ATF.Region","LicCount","LicCountMonthly","perCapFFLyear","perCapitaFFL","Category","PerCapCategory"
"1","Alabama",4853875,4863300,1,14761,1230.08333333333,303.518187239117,25.2931822699265,"Occupied Housing Units",1846390
"2","Alaska",737709,741894,9,7284,607,981.811417803622,81.8176181503018,"Occupied Housing Units",250185
"3","Arizona",6817565,6931071,9,21759,1813.25,313.934166884166,26.1611805736805,"Occupied Housing Units",2463008
"4","Arkansas",2977853,2988248,5,15251,1270.91666666667,510.365940176317,42.5304950146931,"Occupied Housing Units",1144663
"5","California",38993940,39250017,9,30579,2548.25,77.9082465110779,6.49235387592316,"Occupied Housing Units",12896357
"6","Colorado",5448819,5540545,5,20702,1725.16666666667,373.645552919433,31.1371294099528,"Occupied Housing Units",2074735
"7","Connecticut",3584730,3576452,6,6473,539.416666666667,180.98942751084,15.08245229257,"Occupied Housing Units",1343703
"8","Delaware",944076,952065,8,1433,119.416666666667,150.514933329132,12.542911110761,"Occupied Housing Units",352595
"9","Florida",20244914,20612439,1,38357,3196.41666666667,186.086663494796,15.5072219578996,"Occupied Housing Units",7463184
"10","Georgia",10199398,10310371,1,23825,1985.41666666667,231.078008735088,19.256500727924,"Occupied Housing Units",3656407
"11","Hawaii",1425157,1428557,9,1252,104.333333333333,87.6408851729402,7.30340709774502,"Occupied Housing Units",445936
"12","Idaho",1652828,1683140,9,11462,955.166666666667,680.989103699039,56.7490919749199,"Occupied Housing Units",597421
"13","Illinois",12839047,12801539,3,24367,2030.58333333333,190.344301571866,15.8620251309888,"Occupied Housing Units",4794523
"14","Indiana",6612768,6633053,4,17601,1466.75,265.352922703919,22.1127435586599,"Occupied Housing Units",2515143
"15","Iowa",3121997,3134693,5,15442,1286.83333333333,492.616023323496,41.051335276958,"Occupied Housing Units",1247249
"16","Kansas",2906721,2907289,5,13432,1119.33333333333,462.011172607883,38.5009310506569,"Occupied Housing Units",1111582
"17","Kentucky",4424611,4436974,4,16951,1412.58333333333,382.039651347968,31.8366376123307,"Occupied Housing Units",1716168
"18","Louisiana",4668960,4681666,5,14627,1218.91666666667,312.431514764189,26.0359595636824,"Occupied Housing Units",1737908
"19","Maine",1329453,1331479,6,6210,517.5,466.398643914023,38.866553659502,"Occupied Housing Units",545226
"20","Maryland",5994983,6016447,8,7083,590.25,117.727289877232,9.81060748976929,"Occupied Housing Units",2177934
"21","Massachusetts",6784240,6811779,6,5880,490,86.3210623832629,7.19342186527191,"Occupied Housing Units",2559951
"22","Michigan",9917715,9928300,4,26151,2179.25,263.398541200554,21.9498784333795,"Occupied Housing Units",3858532
"23","Minnesota",5482435,5519952,3,17391,1449.25,315.057087452934,26.2547572877445,"Occupied Housing Units",2147262
"24","Mississippi",2989390,2988726,1,11264,938.666666666667,376.882992954188,31.4069160795157,"Occupied Housing Units",1104371
"25","Missouri",6076204,6093000,5,26691,2224.25,438.060068931561,36.5050057442967,"Occupied Housing Units",2374180
"26","Montana",1032073,1042520,9,12987,1082.25,1245.73149675786,103.810958063155,"Occupied Housing Units",414804
"27","Nebraska",1893765,1907116,5,8228,685.666666666667,431.436787274607,35.9530656062173,"Occupied Housing Units",744159
"28","Nevada",2883758,2940058,9,7452,621,253.464387437255,21.1220322864379,"Occupied Housing Units",1042065
"29","New Hampshire",1330111,1334795,6,5961,496.75,446.585430721571,37.215452560131,"Occupied Housing Units",517615
"30","New Jersey",8935421,8944469,8,3957,329.75,44.2396300998975,3.68663584165812,"Occupied Housing Units",3187963
"31","New Mexico",2080328,2081015,5,8291,690.916666666667,398.411352152675,33.200946012723,"Occupied Housing Units",761797
"32","New York",19747183,19745289,6,19935,1661.25,100.960791204423,8.41339926703529,"Occupied Housing Units",7233694
"33","North Carolina",10035186,10146788,1,28769,2397.41666666667,283.528147035298,23.6273455862749,"Occupied Housing Units",3843745
"34","North Dakota",756835,757952,3,4952,412.666666666667,653.339525458077,54.4449604548397,"Occupied Housing Units",313475
"35","Ohio",11605090,11614373,4,29632,2469.33333333333,255.132153926863,21.2610128272386,"Occupied Housing Units",4606655
"36","Oklahoma",3907414,3923561,5,18364,1530.33333333333,468.044207800006,39.0036839833339,"Occupied Housing Units",1465951
"37","Oregon",4024634,4093465,9,17350,1445.83333333333,423.846301360828,35.3205251134023,"Occupied Housing Units",1553205
"38","Pennsylvania",12791904,12784227,8,30633,2552.75,239.615582545585,19.9679652121321,"Occupied Housing Units",4956037
"39","Rhode Island",1055607,1056426,6,1087,90.5833333333333,102.894097646215,8.57450813718456,"Occupied Housing Units",407484
"40","South Carolina",4894834,4961119,1,13354,1112.83333333333,269.173144203959,22.4310953503299,"Occupied Housing Units",1857768
"41","South Dakota",857919,865454,3,6194,516.166666666667,715.6937283784,59.6411440315334,"Occupied Housing Units",339437
"42","Tennessee",6595056,6651194,1,18427,1535.58333333333,277.048000704836,23.0873333920697,"Occupied Housing Units",2530260
"43","Texas",27429639,27862596,5,75956,6329.66666666667,272.609199803206,22.7174333169338,"Occupied Housing Units",9421412
"44","Utah",2990632,3051217,9,11105,925.416666666667,363.953137387475,30.3294281156229,"Occupied Housing Units",930980
"45","Vermont",626088,624594,6,3724,310.333333333333,596.227309260095,49.6856091050079,"Occupied Housing Units",254865
"46","Virginia",8367587,8411808,1,20580,1715,244.65608344841,20.3880069540341,"Occupied Housing Units",3106895
"47","Washington",7160290,7288000,9,14427,1202.25,197.955543358946,16.4962952799122,"Occupied Housing Units",2728573
"48","West Virginia",1841053,1831102,4,10736,894.666666666667,586.313596948723,48.8594664123936,"Occupied Housing Units",734536
"49","Wisconsin",5767891,5778708,3,18875,1572.91666666667,326.63010486081,27.2191754050675,"Occupied Housing Units",2319538
"50","Wyoming",586555,585501,5,7358,613.166666666667,1256.70152570192,104.725127141827,"Occupied Housing Units",228937
"51","Alabama",4853875,4863300,1,14761,1230.08333333333,303.518187239117,25.2931822699265,"Median Household Income",44765
"52","Alaska",737709,741894,9,7284,607,981.811417803622,81.8176181503018,"Median Household Income",73355
"53","Arizona",6817565,6931071,9,21759,1813.25,313.934166884166,26.1611805736805,"Median Household Income",51492
"54","Arkansas",2977853,2988248,5,15251,1270.91666666667,510.365940176317,42.5304950146931,"Median Household Income",41995
"55","California",38993940,39250017,9,30579,2548.25,77.9082465110779,6.49235387592316,"Median Household Income",64500
"56","Colorado",5448819,5540545,5,20702,1725.16666666667,373.645552919433,31.1371294099528,"Median Household Income",63909
"57","Connecticut",3584730,3576452,6,6473,539.416666666667,180.98942751084,15.08245229257,"Median Household Income",71346
"58","Delaware",944076,952065,8,1433,119.416666666667,150.514933329132,12.542911110761,"Median Household Income",61255
"59","Florida",20244914,20612439,1,38357,3196.41666666667,186.086663494796,15.5072219578996,"Median Household Income",49426
"60","Georgia",10199398,10310371,1,23825,1985.41666666667,231.078008735088,19.256500727924,"Median Household Income",51244
"61","Hawaii",1425157,1428557,9,1252,104.333333333333,87.6408851729402,7.30340709774502,"Median Household Income",73486
"62","Idaho",1652828,1683140,9,11462,955.166666666667,680.989103699039,56.7490919749199,"Median Household Income",48275
"63","Illinois",12839047,12801539,3,24367,2030.58333333333,190.344301571866,15.8620251309888,"Median Household Income",59588
"64","Indiana",6612768,6633053,4,17601,1466.75,265.352922703919,22.1127435586599,"Median Household Income",50532
"65","Iowa",3121997,3134693,5,15442,1286.83333333333,492.616023323496,41.051335276958,"Median Household Income",54736
"66","Kansas",2906721,2907289,5,13432,1119.33333333333,462.011172607883,38.5009310506569,"Median Household Income",53906
"67","Kentucky",4424611,4436974,4,16951,1412.58333333333,382.039651347968,31.8366376123307,"Median Household Income",45215
"68","Louisiana",4668960,4681666,5,14627,1218.91666666667,312.431514764189,26.0359595636824,"Median Household Income",45727
"69","Maine",1329453,1331479,6,6210,517.5,466.398643914023,38.866553659502,"Median Household Income",51494
"70","Maryland",5994983,6016447,8,7083,590.25,117.727289877232,9.81060748976929,"Median Household Income",75847
"71","Massachusetts",6784240,6811779,6,5880,490,86.3210623832629,7.19342186527191,"Median Household Income",70628
"72","Michigan",9917715,9928300,4,26151,2179.25,263.398541200554,21.9498784333795,"Median Household Income",51084
"73","Minnesota",5482435,5519952,3,17391,1449.25,315.057087452934,26.2547572877445,"Median Household Income",63488
"74","Mississippi",2989390,2988726,1,11264,938.666666666667,376.882992954188,31.4069160795157,"Median Household Income",40593
"75","Missouri",6076204,6093000,5,26691,2224.25,438.060068931561,36.5050057442967,"Median Household Income",50238
"76","Montana",1032073,1042520,9,12987,1082.25,1245.73149675786,103.810958063155,"Median Household Income",49509
"77","Nebraska",1893765,1907116,5,8228,685.666666666667,431.436787274607,35.9530656062173,"Median Household Income",54996
"78","Nevada",2883758,2940058,9,7452,621,253.464387437255,21.1220322864379,"Median Household Income",52431
"79","New Hampshire",1330111,1334795,6,5961,496.75,446.585430721571,37.215452560131,"Median Household Income",70303
"80","New Jersey",8935421,8944469,8,3957,329.75,44.2396300998975,3.68663584165812,"Median Household Income",72222
"81","New Mexico",2080328,2081015,5,8291,690.916666666667,398.411352152675,33.200946012723,"Median Household Income",45382
"82","New York",19747183,19745289,6,19935,1661.25,100.960791204423,8.41339926703529,"Median Household Income",60850
"83","North Carolina",10035186,10146788,1,28769,2397.41666666667,283.528147035298,23.6273455862749,"Median Household Income",47830
"84","North Dakota",756835,757952,3,4952,412.666666666667,653.339525458077,54.4449604548397,"Median Household Income",60557
"85","Ohio",11605090,11614373,4,29632,2469.33333333333,255.132153926863,21.2610128272386,"Median Household Income",51075
"86","Oklahoma",3907414,3923561,5,18364,1530.33333333333,468.044207800006,39.0036839833339,"Median Household Income",48568
"87","Oregon",4024634,4093465,9,17350,1445.83333333333,423.846301360828,35.3205251134023,"Median Household Income",54148
"88","Pennsylvania",12791904,12784227,8,30633,2552.75,239.615582545585,19.9679652121321,"Median Household Income",55702
"89","Rhode Island",1055607,1056426,6,1087,90.5833333333333,102.894097646215,8.57450813718456,"Median Household Income",58073
"90","South Carolina",4894834,4961119,1,13354,1112.83333333333,269.173144203959,22.4310953503299,"Median Household Income",47238
"91","South Dakota",857919,865454,3,6194,516.166666666667,715.6937283784,59.6411440315334,"Median Household Income",53017
"92","Tennessee",6595056,6651194,1,18427,1535.58333333333,277.048000704836,23.0873333920697,"Median Household Income",47275
"93","Texas",27429639,27862596,5,75956,6329.66666666667,272.609199803206,22.7174333169338,"Median Household Income",55653
"94","Utah",2990632,3051217,9,11105,925.416666666667,363.953137387475,30.3294281156229,"Median Household Income",62912
"95","Vermont",626088,624594,6,3724,310.333333333333,596.227309260095,49.6856091050079,"Median Household Income",56990
"96","Virginia",8367587,8411808,1,20580,1715,244.65608344841,20.3880069540341,"Median Household Income",66262
"97","Washington",7160290,7288000,9,14427,1202.25,197.955543358946,16.4962952799122,"Median Household Income",64129
"98","West Virginia",1841053,1831102,4,10736,894.666666666667,586.313596948723,48.8594664123936,"Median Household Income",42019
"99","Wisconsin",5767891,5778708,3,18875,1572.91666666667,326.63010486081,27.2191754050675,"Median Household Income",55638
"100","Wyoming",586555,585501,5,7358,613.166666666667,1256.70152570192,104.725127141827,"Median Household Income",60214
"101","Alabama",4853875,4863300,1,14761,1230.08333333333,303.518187239117,25.2931822699265,"Less than 5000",1711.77770338132
"102","Alaska",737709,741894,9,7284,607,981.811417803622,81.8176181503018,"Less than 5000",610.448022187611
"103","Arizona",6817565,6931071,9,21759,1813.25,313.934166884166,26.1611805736805,"Less than 5000",1445.09542629957
"104","Arkansas",2977853,2988248,5,15251,1270.91666666667,510.365940176317,42.5304950146931,"Less than 5000",1576.00737847033
"105","California",38993940,39250017,9,30579,2548.25,77.9082465110779,6.49235387592316,"Less than 5000",959.108910256312
"106","Colorado",5448819,5540545,5,20702,1725.16666666667,373.645552919433,31.1371294099528,"Less than 5000",1028.073147594
"107","Connecticut",3584730,3576452,6,6473,539.416666666667,180.98942751084,15.08245229257,"Less than 5000",1087.03827066474
"108","Delaware",944076,952065,8,1433,119.416666666667,150.514933329132,12.542911110761,"Less than 5000",1232.48922756219
"109","Florida",20244914,20612439,1,38357,3196.41666666667,186.086663494796,15.5072219578996,"Less than 5000",1400.85056424542
"110","Georgia",10199398,10310371,1,23825,1985.41666666667,231.078008735088,19.256500727924,"Less than 5000",1469.81897362962
"111","Hawaii",1425157,1428557,9,1252,104.333333333333,87.6408851729402,7.30340709774502,"Less than 5000",907.418901917473
"112","Idaho",1652828,1683140,9,11462,955.166666666667,680.989103699039,56.7490919749199,"Less than 5000",1301.23376419083
"113","Illinois",12839047,12801539,3,24367,2030.58333333333,190.344301571866,15.8620251309888,"Less than 5000",1307.01527146057
"114","Indiana",6612768,6633053,4,17601,1466.75,265.352922703919,22.1127435586599,"Less than 5000",1255.14336810243
"115","Iowa",3121997,3134693,5,15442,1286.83333333333,492.616023323496,41.051335276958,"Less than 5000",1078.65968481072
"116","Kansas",2906721,2907289,5,13432,1119.33333333333,462.011172607883,38.5009310506569,"Less than 5000",1223.73712509732
"117","Kentucky",4424611,4436974,4,16951,1412.58333333333,382.039651347968,31.8366376123307,"Less than 5000",1435.1140925157
"118","Louisiana",4668960,4681666,5,14627,1218.91666666667,312.431514764189,26.0359595636824,"Less than 5000",1749.46189301258
"119","Maine",1329453,1331479,6,6210,517.5,466.398643914023,38.866553659502,"Less than 5000",1066.29388176942
"120","Maryland",5994983,6016447,8,7083,590.25,117.727289877232,9.81060748976929,"Less than 5000",908.231933268201
"121","Massachusetts",6784240,6811779,6,5880,490,86.3210623832629,7.19342186527191,"Less than 5000",1094.27996356261
"122","Michigan",9917715,9928300,4,26151,2179.25,263.398541200554,21.9498784333795,"Less than 5000",1439.50178040002
"123","Minnesota",5482435,5519952,3,17391,1449.25,315.057087452934,26.2547572877445,"Less than 5000",861.656617907919
"124","Mississippi",2989390,2988726,1,11264,938.666666666667,376.882992954188,31.4069160795157,"Less than 5000",2031.86620012779
"125","Missouri",6076204,6093000,5,26691,2224.25,438.060068931561,36.5050057442967,"Less than 5000",1250.3490666212
"126","Montana",1032073,1042520,9,12987,1082.25,1245.73149675786,103.810958063155,"Less than 5000",1286.1229777351
"127","Nebraska",1893765,1907116,5,8228,685.666666666667,431.436787274607,35.9530656062173,"Less than 5000",1021.67555108474
"128","Nevada",2883758,2940058,9,7452,621,253.464387437255,21.1220322864379,"Less than 5000",1264.74811686695
"129","New Hampshire",1330111,1334795,6,5961,496.75,446.585430721571,37.215452560131,"Less than 5000",661.557945163975
"130","New Jersey",8935421,8944469,8,3957,329.75,44.2396300998975,3.68663584165812,"Less than 5000",1070.33445877928
"131","New Mexico",2080328,2081015,5,8291,690.916666666667,398.411352152675,33.200946012723,"Less than 5000",1684.47773620314
"132","New York",19747183,19745289,6,19935,1661.25,100.960791204423,8.41339926703529,"Less than 5000",1355.36637301634
"133","North Carolina",10035186,10146788,1,28769,2397.41666666667,283.528147035298,23.6273455862749,"Less than 5000",1340.59373687742
"134","North Dakota",756835,757952,3,4952,412.666666666667,653.339525458077,54.4449604548397,"Less than 5000",994.060792643046
"135","Ohio",11605090,11614373,4,29632,2469.33333333333,255.132153926863,21.2610128272386,"Less than 5000",1429.02450562641
"136","Oklahoma",3907414,3923561,5,18364,1530.33333333333,468.044207800006,39.0036839833339,"Less than 5000",1350.61797905213
"137","Oregon",4024634,4093465,9,17350,1445.83333333333,423.846301360828,35.3205251134023,"Less than 5000",1196.36605465242
"138","Pennsylvania",12791904,12784227,8,30633,2552.75,239.615582545585,19.9679652121321,"Less than 5000",1162.30633062912
"139","Rhode Island",1055607,1056426,6,1087,90.5833333333333,102.894097646215,8.57450813718456,"Less than 5000",1505.47277537947
"140","South Carolina",4894834,4961119,1,13354,1112.83333333333,269.173144203959,22.4310953503299,"Less than 5000",1518.14586562077
"141","South Dakota",857919,865454,3,6194,516.166666666667,715.6937283784,59.6411440315334,"Less than 5000",1028.69408417345
"142","Tennessee",6595056,6651194,1,18427,1535.58333333333,277.048000704836,23.0873333920697,"Less than 5000",1419.54245725889
"143","Texas",27429639,27862596,5,75956,6329.66666666667,272.609199803206,22.7174333169338,"Less than 5000",1099.12195344605
"144","Utah",2990632,3051217,9,11105,925.416666666667,363.953137387475,30.3294281156229,"Less than 5000",715.987122454384
"145","Vermont",626088,624594,6,3724,310.333333333333,596.227309260095,49.6856091050079,"Less than 5000",773.443190094683
"146","Virginia",8367587,8411808,1,20580,1715,244.65608344841,20.3880069540341,"Less than 5000",1039.6433284769
"147","Washington",7160290,7288000,9,14427,1202.25,197.955543358946,16.4962952799122,"Less than 5000",1028.88948631969
"148","West Virginia",1841053,1831102,4,10736,894.666666666667,586.313596948723,48.8594664123936,"Less than 5000",1595.90408315241
"149","Wisconsin",5767891,5778708,3,18875,1572.91666666667,326.63010486081,27.2191754050675,"Less than 5000",1005.36660626909
"150","Wyoming",586555,585501,5,7358,613.166666666667,1256.70152570192,104.725127141827,"Less than 5000",858.677191397226
"151","Alabama",4853875,4863300,1,14761,1230.08333333333,303.518187239117,25.2931822699265,"5000 to 9999",1901.97522597924
"152","Alaska",737709,741894,9,7284,607,981.811417803622,81.8176181503018,"5000 to 9999",746.103138229302
"153","Arizona",6817565,6931071,9,21759,1813.25,313.934166884166,26.1611805736805,"5000 to 9999",1264.45849801212
"154","Arkansas",2977853,2988248,5,15251,1270.91666666667,510.365940176317,42.5304950146931,"5000 to 9999",1921.96021764674
"155","California",38993940,39250017,9,30579,2548.25,77.9082465110779,6.49235387592316,"5000 to 9999",859.890747126348
"156","Colorado",5448819,5540545,5,20702,1725.16666666667,373.645552919433,31.1371294099528,"5000 to 9999",989.996364349779
"157","Connecticut",3584730,3576452,6,6473,539.416666666667,180.98942751084,15.08245229257,"5000 to 9999",1012.07011406717
"158","Delaware",944076,952065,8,1433,119.416666666667,150.514933329132,12.542911110761,"5000 to 9999",784.311326630483
"159","Florida",20244914,20612439,1,38357,3196.41666666667,186.086663494796,15.5072219578996,"5000 to 9999",1327.12158717987
"160","Georgia",10199398,10310371,1,23825,1985.41666666667,231.078008735088,19.256500727924,"5000 to 9999",1398.1204871111
"161","Hawaii",1425157,1428557,9,1252,104.333333333333,87.6408851729402,7.30340709774502,"5000 to 9999",750.967367104116
"162","Idaho",1652828,1683140,9,11462,955.166666666667,680.989103699039,56.7490919749199,"5000 to 9999",1301.23376419083
"163","Illinois",12839047,12801539,3,24367,2030.58333333333,190.344301571866,15.8620251309888,"5000 to 9999",1232.32868451996
"164","Indiana",6612768,6633053,4,17601,1466.75,265.352922703919,22.1127435586599,"5000 to 9999",1293.17801562069
"165","Iowa",3121997,3134693,5,15442,1286.83333333333,492.616023323496,41.051335276958,"5000 to 9999",1278.41147829418
"166","Kansas",2906721,2907289,5,13432,1119.33333333333,462.011172607883,38.5009310506569,"5000 to 9999",1261.97891025661
"167","Kentucky",4424611,4436974,4,16951,1412.58333333333,382.039651347968,31.8366376123307,"5000 to 9999",2133.27770509091
"168","Louisiana",4668960,4681666,5,14627,1218.91666666667,312.431514764189,26.0359595636824,"5000 to 9999",2084.46523422775
"169","Maine",1329453,1331479,6,6210,517.5,466.398643914023,38.866553659502,"5000 to 9999",1640.45212579911
"170","Maryland",5994983,6016447,8,7083,590.25,117.727289877232,9.81060748976929,"5000 to 9999",908.231933268201
"171","Massachusetts",6784240,6811779,6,5880,490,86.3210623832629,7.19342186527191,"5000 to 9999",1169.74754725658
"172","Michigan",9917715,9928300,4,26151,2179.25,263.398541200554,21.9498784333795,"5000 to 9999",1556.218140973
"173","Minnesota",5482435,5519952,3,17391,1449.25,315.057087452934,26.2547572877445,"5000 to 9999",1057.48766743245
"174","Mississippi",2989390,2988726,1,11264,938.666666666667,376.882992954188,31.4069160795157,"5000 to 9999",2216.58130923031
"175","Missouri",6076204,6093000,5,26691,2224.25,438.060068931561,36.5050057442967,"5000 to 9999",1484.78951661267
"176","Montana",1032073,1042520,9,12987,1082.25,1245.73149675786,103.810958063155,"5000 to 9999",1607.65372216888
"177","Nebraska",1893765,1907116,5,8228,685.666666666667,431.436787274607,35.9530656062173,"5000 to 9999",1218.15161860104
"178","Nevada",2883758,2940058,9,7452,621,253.464387437255,21.1220322864379,"5000 to 9999",1084.06981445739
"179","New Hampshire",1330111,1334795,6,5961,496.75,446.585430721571,37.215452560131,"5000 to 9999",895.048984633613
"180","New Jersey",8935421,8944469,8,3957,329.75,44.2396300998975,3.68663584165812,"5000 to 9999",963.301012901351
"181","New Mexico",2080328,2081015,5,8291,690.916666666667,398.411352152675,33.200946012723,"5000 to 9999",1904.19222353398
"182","New York",19747183,19745289,6,19935,1661.25,100.960791204423,8.41339926703529,"5000 to 9999",1501.89246739649
"183","North Carolina",10035186,10146788,1,28769,2397.41666666667,283.528147035298,23.6273455862749,"5000 to 9999",1493.80444966341
"184","North Dakota",756835,757952,3,4952,412.666666666667,653.339525458077,54.4449604548397,"5000 to 9999",1325.41439019073
"185","Ohio",11605090,11614373,4,29632,2469.33333333333,255.132153926863,21.2610128272386,"5000 to 9999",1627.50013140786
"186","Oklahoma",3907414,3923561,5,18364,1530.33333333333,468.044207800006,39.0036839833339,"5000 to 9999",1575.72097556082
"187","Oregon",4024634,4093465,9,17350,1445.83333333333,423.846301360828,35.3205251134023,"5000 to 9999",1427.92077490773
"188","Pennsylvania",12791904,12784227,8,30633,2552.75,239.615582545585,19.9679652121321,"5000 to 9999",1433.51114110925
"189","Rhode Island",1055607,1056426,6,1087,90.5833333333333,102.894097646215,8.57450813718456,"5000 to 9999",1582.67650745022
"190","South Carolina",4894834,4961119,1,13354,1112.83333333333,269.173144203959,22.4310953503299,"5000 to 9999",1556.09951226129
"191","South Dakota",857919,865454,3,6194,516.166666666667,715.6937283784,59.6411440315334,"5000 to 9999",1384.78049792579
"192","Tennessee",6595056,6651194,1,18427,1535.58333333333,277.048000704836,23.0873333920697,"5000 to 9999",1649.73853140898
"193","Texas",27429639,27862596,5,75956,6329.66666666667,272.609199803206,22.7174333169338,"5000 to 9999",1167.81707553643
"194","Utah",2990632,3051217,9,11105,925.416666666667,363.953137387475,30.3294281156229,"5000 to 9999",684.857247565063
"195","Vermont",626088,624594,6,3724,310.333333333333,596.227309260095,49.6856091050079,"5000 to 9999",1221.22608962318
"196","Virginia",8367587,8411808,1,20580,1715,244.65608344841,20.3880069540341,"5000 to 9999",1076.77344735107
"197","Washington",7160290,7288000,9,14427,1202.25,197.955543358946,16.4962952799122,"5000 to 9999",1143.21054035521
"198","West Virginia",1841053,1831102,4,10736,894.666666666667,586.313596948723,48.8594664123936,"5000 to 9999",2274.16331849219
"199","Wisconsin",5767891,5778708,3,18875,1572.91666666667,326.63010486081,27.2191754050675,"5000 to 9999",1166.22526327214
"200","Wyoming",586555,585501,5,7358,613.166666666667,1256.70152570192,104.725127141827,"5000 to 9999",975.769535678666
"201","Alabama",4853875,4863300,1,14761,1230.08333333333,303.518187239117,25.2931822699265,"10000 to 14999",2624.72581185136
"202","Alaska",737709,741894,9,7284,607,981.811417803622,81.8176181503018,"10000 to 14999",1085.24092833353
"203","Arizona",6817565,6931071,9,21759,1813.25,313.934166884166,26.1611805736805,"10000 to 14999",1734.11451155948
"204","Arkansas",2977853,2988248,5,15251,1270.91666666667,510.365940176317,42.5304950146931,"10000 to 14999",2729.18350905837
"205","California",38993940,39250017,9,30579,2548.25,77.9082465110779,6.49235387592316,"10000 to 14999",1587.49061007941
"206","Colorado",5448819,5540545,5,20702,1725.16666666667,373.645552919433,31.1371294099528,"10000 to 14999",1408.84098003622
"207","Connecticut",3584730,3576452,6,6473,539.416666666667,180.98942751084,15.08245229257,"10000 to 14999",1461.87905365258
"208","Delaware",944076,952065,8,1433,119.416666666667,150.514933329132,12.542911110761,"10000 to 14999",1232.48922756219
"209","Florida",20244914,20612439,1,38357,3196.41666666667,186.086663494796,15.5072219578996,"10000 to 14999",1916.95340370426
"210","Georgia",10199398,10310371,1,23825,1985.41666666667,231.078008735088,19.256500727924,"10000 to 14999",1971.70837925925
"211","Hawaii",1425157,1428557,9,1252,104.333333333333,87.6408851729402,7.30340709774502,"10000 to 14999",1001.28982280549
"212","Idaho",1652828,1683140,9,11462,955.166666666667,680.989103699039,56.7490919749199,"10000 to 14999",1987.99602862488
"213","Illinois",12839047,12801539,3,24367,2030.58333333333,190.344301571866,15.8620251309888,"10000 to 14999",1605.76161922298
"214","Indiana",6612768,6633053,4,17601,1466.75,265.352922703919,22.1127435586599,"10000 to 14999",1901.73237591278
"215","Iowa",3121997,3134693,5,15442,1286.83333333333,492.616023323496,41.051335276958,"10000 to 14999",2037.46829353135
"216","Kansas",2906721,2907289,5,13432,1119.33333333333,462.011172607883,38.5009310506569,"10000 to 14999",1797.36390248669
"217","Kentucky",4424611,4436974,4,16951,1412.58333333333,382.039651347968,31.8366376123307,"10000 to 14999",2559.93324610909
"218","Louisiana",4668960,4681666,5,14627,1218.91666666667,312.431514764189,26.0359595636824,"10000 to 14999",2419.46857544293
"219","Maine",1329453,1331479,6,6210,517.5,466.398643914023,38.866553659502,"10000 to 14999",2501.68949184364
"220","Maryland",5994983,6016447,8,7083,590.25,117.727289877232,9.81060748976929,"10000 to 14999",1126.20759725257
"221","Massachusetts",6784240,6811779,6,5880,490,86.3210623832629,7.19342186527191,"10000 to 14999",1848.95580050234
"222","Michigan",9917715,9928300,4,26151,2179.25,263.398541200554,21.9498784333795,"10000 to 14999",1984.17812974057
"223","Minnesota",5482435,5519952,3,17391,1449.25,315.057087452934,26.2547572877445,"10000 to 14999",1566.64839619622
"224","Mississippi",2989390,2988726,1,11264,938.666666666667,376.882992954188,31.4069160795157,"10000 to 14999",2549.06850561486
"225","Missouri",6076204,6093000,5,26691,2224.25,438.060068931561,36.5050057442967,"10000 to 14999",2188.1108665871
"226","Montana",1032073,1042520,9,12987,1082.25,1245.73149675786,103.810958063155,"10000 to 14999",2250.71521103643
"227","Nebraska",1893765,1907116,5,8228,685.666666666667,431.436787274607,35.9530656062173,"10000 to 14999",1925.46546165971
"228","Nevada",2883758,2940058,9,7452,621,253.464387437255,21.1220322864379,"10000 to 14999",1662.24038216799
"229","New Hampshire",1330111,1334795,6,5961,496.75,446.585430721571,37.215452560131,"10000 to 14999",1323.11589032795
"230","New Jersey",8935421,8944469,8,3957,329.75,44.2396300998975,3.68663584165812,"10000 to 14999",1284.40135053513
"231","New Mexico",2080328,2081015,5,8291,690.916666666667,398.411352152675,33.200946012723,"10000 to 14999",2343.62119819567
"232","New York",19747183,19745289,6,19935,1661.25,100.960791204423,8.41339926703529,"10000 to 14999",1831.57617975182
"233","North Carolina",10035186,10146788,1,28769,2397.41666666667,283.528147035298,23.6273455862749,"10000 to 14999",2336.46336998637
"234","North Dakota",756835,757952,3,4952,412.666666666667,653.339525458077,54.4449604548397,"10000 to 14999",2070.95998467301
"235","Ohio",11605090,11614373,4,29632,2469.33333333333,255.132153926863,21.2610128272386,"10000 to 14999",2103.84163328333
"236","Oklahoma",3907414,3923561,5,18364,1530.33333333333,468.044207800006,39.0036839833339,"10000 to 14999",2138.47846683254
"237","Oregon",4024634,4093465,9,17350,1445.83333333333,423.846301360828,35.3205251134023,"10000 to 14999",1891.03021541835
"238","Pennsylvania",12791904,12784227,8,30633,2552.75,239.615582545585,19.9679652121321,"10000 to 14999",1898.4336733609
"239","Rhode Island",1055607,1056426,6,1087,90.5833333333333,102.894097646215,8.57450813718456,"10000 to 14999",2161.70449798078
"240","South Carolina",4894834,4961119,1,13354,1112.83333333333,269.173144203959,22.4310953503299,"10000 to 14999",2353.1260917122
"241","South Dakota",857919,865454,3,6194,516.166666666667,715.6937283784,59.6411440315334,"10000 to 14999",2176.08363959768
"242","Tennessee",6595056,6651194,1,18427,1535.58333333333,277.048000704836,23.0873333920697,"10000 to 14999",2301.96074150091
"243","Texas",27429639,27862596,5,75956,6329.66666666667,272.609199803206,22.7174333169338,"10000 to 14999",1614.33536912389
"244","Utah",2990632,3051217,9,11105,925.416666666667,363.953137387475,30.3294281156229,"10000 to 14999",1089.54562112624
"245","Vermont",626088,624594,6,3724,310.333333333333,596.227309260095,49.6856091050079,"10000 to 14999",2157.49942500096
"246","Virginia",8367587,8411808,1,20580,1715,244.65608344841,20.3880069540341,"10000 to 14999",1410.94451721864
"247","Washington",7160290,7288000,9,14427,1202.25,197.955543358946,16.4962952799122,"10000 to 14999",1448.06668444993
"248","West Virginia",1841053,1831102,4,10736,894.666666666667,586.313596948723,48.8594664123936,"10000 to 14999",2633.24173720148
"249","Wisconsin",5767891,5778708,3,18875,1572.91666666667,326.63010486081,27.2191754050675,"10000 to 14999",1890.08921978588
"250","Wyoming",586555,585501,5,7358,613.166666666667,1256.70152570192,104.725127141827,"10000 to 14999",1756.3851642216
"251","Alabama",4853875,4863300,1,14761,1230.08333333333,303.518187239117,25.2931822699265,"15000 to 19999",2434.52828925343
"252","Alaska",737709,741894,9,7284,607,981.811417803622,81.8176181503018,"15000 to 19999",1220.89604437522
"253","Arizona",6817565,6931071,9,21759,1813.25,313.934166884166,26.1611805736805,"15000 to 19999",1878.62405418944
"254","Arkansas",2977853,2988248,5,15251,1270.91666666667,510.365940176317,42.5304950146931,"15000 to 19999",2498.54828294076
"255","California",38993940,39250017,9,30579,2548.25,77.9082465110779,6.49235387592316,"15000 to 19999",1422.12700486281
"256","Colorado",5448819,5540545,5,20702,1725.16666666667,373.645552919433,31.1371294099528,"15000 to 19999",1446.91776328045
"257","Connecticut",3584730,3576452,6,6473,539.416666666667,180.98942751084,15.08245229257,"15000 to 19999",1499.36313195136
"258","Delaware",944076,952065,8,1433,119.416666666667,150.514933329132,12.542911110761,"15000 to 19999",1568.62265326097
"259","Florida",20244914,20612439,1,38357,3196.41666666667,186.086663494796,15.5072219578996,"15000 to 19999",2101.27584636813
"260","Georgia",10199398,10310371,1,23825,1985.41666666667,231.078008735088,19.256500727924,"15000 to 19999",1792.46216296295
"261","Hawaii",1425157,1428557,9,1252,104.333333333333,87.6408851729402,7.30340709774502,"15000 to 19999",1063.87043673083
"262","Idaho",1652828,1683140,9,11462,955.166666666667,680.989103699039,56.7490919749199,"15000 to 19999",2096.43217564078
"263","Illinois",12839047,12801539,3,24367,2030.58333333333,190.344301571866,15.8620251309888,"15000 to 19999",1792.47808657449
"264","Indiana",6612768,6633053,4,17601,1466.75,265.352922703919,22.1127435586599,"15000 to 19999",2129.94026102231
"265","Iowa",3121997,3134693,5,15442,1286.83333333333,492.616023323496,41.051335276958,"15000 to 19999",1957.56757613797
"266","Kansas",2906721,2907289,5,13432,1119.33333333333,462.011172607883,38.5009310506569,"15000 to 19999",1835.60568764598
"267","Kentucky",4424611,4436974,4,16951,1412.58333333333,382.039651347968,31.8366376123307,"15000 to 19999",2443.57264401323
"268","Louisiana",4668960,4681666,5,14627,1218.91666666667,312.431514764189,26.0359595636824,"15000 to 19999",2456.69116891128
"269","Maine",1329453,1331479,6,6210,517.5,466.398643914023,38.866553659502,"15000 to 19999",2583.71209813359
"270","Maryland",5994983,6016447,8,7083,590.25,117.727289877232,9.81060748976929,"15000 to 19999",1162.5368745833
"271","Massachusetts",6784240,6811779,6,5880,490,86.3210623832629,7.19342186527191,"15000 to 19999",1547.08546572645
"272","Michigan",9917715,9928300,4,26151,2179.25,263.398541200554,21.9498784333795,"15000 to 19999",2100.89449031354
"273","Minnesota",5482435,5519952,3,17391,1449.25,315.057087452934,26.2547572877445,"15000 to 19999",1644.98081600603
"274","Mississippi",2989390,2988726,1,11264,938.666666666667,376.882992954188,31.4069160795157,"15000 to 19999",2733.78361471738
"275","Missouri",6076204,6093000,5,26691,2224.25,438.060068931561,36.5050057442967,"15000 to 19999",2109.96404992327
"276","Montana",1032073,1042520,9,12987,1082.25,1245.73149675786,103.810958063155,"15000 to 19999",2210.52386798221
"277","Nebraska",1893765,1907116,5,8228,685.666666666667,431.436787274607,35.9530656062173,"15000 to 19999",1886.17024815645
"278","Nevada",2883758,2940058,9,7452,621,253.464387437255,21.1220322864379,"15000 to 19999",1734.51170313182
"279","New Hampshire",1330111,1334795,6,5961,496.75,446.585430721571,37.215452560131,"15000 to 19999",1517.69175655265
"280","New Jersey",8935421,8944469,8,3957,329.75,44.2396300998975,3.68663584165812,"15000 to 19999",1427.1126117057
"281","New Mexico",2080328,2081015,5,8291,690.916666666667,398.411352152675,33.200946012723,"15000 to 19999",2343.62119819567
"282","New York",19747183,19745289,6,19935,1661.25,100.960791204423,8.41339926703529,"15000 to 19999",1758.31313256174
"283","North Carolina",10035186,10146788,1,28769,2397.41666666667,283.528147035298,23.6273455862749,"15000 to 19999",2298.16069178987
"284","North Dakota",756835,757952,3,4952,412.666666666667,653.339525458077,54.4449604548397,"15000 to 19999",1698.18718743187
"285","Ohio",11605090,11614373,4,29632,2469.33333333333,255.132153926863,21.2610128272386,"15000 to 19999",2183.2318835959
"286","Oklahoma",3907414,3923561,5,18364,1530.33333333333,468.044207800006,39.0036839833339,"15000 to 19999",2175.99563291732
"287","Oregon",4024634,4093465,9,17350,1445.83333333333,423.846301360828,35.3205251134023,"15000 to 19999",1968.21512217012
"288","Pennsylvania",12791904,12784227,8,30633,2552.75,239.615582545585,19.9679652121321,"15000 to 19999",2014.66430642381
"289","Rhode Island",1055607,1056426,6,1087,90.5833333333333,102.894097646215,8.57450813718456,"15000 to 19999",1775.68583762707
"290","South Carolina",4894834,4961119,1,13354,1112.83333333333,269.173144203959,22.4310953503299,"15000 to 19999",2201.31150515012
"291","South Dakota",857919,865454,3,6194,516.166666666667,715.6937283784,59.6411440315334,"15000 to 19999",1819.99722584533
"292","Tennessee",6595056,6651194,1,18427,1535.58333333333,277.048000704836,23.0873333920697,"15000 to 19999",2263.59472914256
"293","Texas",27429639,27862596,5,75956,6329.66666666667,272.609199803206,22.7174333169338,"15000 to 19999",1717.37805225946
"294","Utah",2990632,3051217,9,11105,925.416666666667,363.953137387475,30.3294281156229,"15000 to 19999",1089.54562112624
"295","Vermont",626088,624594,6,3724,310.333333333333,596.227309260095,49.6856091050079,"15000 to 19999",2198.20696132173
"296","Virginia",8367587,8411808,1,20580,1715,244.65608344841,20.3880069540341,"15000 to 19999",1448.07463609282
"297","Washington",7160290,7288000,9,14427,1202.25,197.955543358946,16.4962952799122,"15000 to 19999",1448.06668444993
"298","West Virginia",1841053,1831102,4,10736,894.666666666667,586.313596948723,48.8594664123936,"15000 to 19999",2872.62734967434
"299","Wisconsin",5767891,5778708,3,18875,1572.91666666667,326.63010486081,27.2191754050675,"15000 to 19999",1930.30388403664
"300","Wyoming",586555,585501,5,7358,613.166666666667,1256.70152570192,104.725127141827,"15000 to 19999",1834.44672707589
"301","Alabama",4853875,4863300,1,14761,1230.08333333333,303.518187239117,25.2931822699265,"20000 to 24999",2396.48878473385
"302","Alaska",737709,741894,9,7284,607,981.811417803622,81.8176181503018,"20000 to 24999",1085.24092833353
"303","Arizona",6817565,6931071,9,21759,1813.25,313.934166884166,26.1611805736805,"20000 to 24999",2023.13359681939
"304","Arkansas",2977853,2988248,5,15251,1270.91666666667,510.365940176317,42.5304950146931,"20000 to 24999",2652.3051003525
"305","California",38993940,39250017,9,30579,2548.25,77.9082465110779,6.49235387592316,"20000 to 24999",1554.41788903609
"306","Colorado",5448819,5540545,5,20702,1725.16666666667,373.645552919433,31.1371294099528,"20000 to 24999",1751.53202923422
"307","Connecticut",3584730,3576452,6,6473,539.416666666667,180.98942751084,15.08245229257,"20000 to 24999",1499.36313195136
"308","Delaware",944076,952065,8,1433,119.416666666667,150.514933329132,12.542911110761,"20000 to 24999",1904.75607895974
"309","Florida",20244914,20612439,1,38357,3196.41666666667,186.086663494796,15.5072219578996,"20000 to 24999",2285.598289032
"310","Georgia",10199398,10310371,1,23825,1985.41666666667,231.078008735088,19.256500727924,"20000 to 24999",2079.25610903702
"311","Hawaii",1425157,1428557,9,1252,104.333333333333,87.6408851729402,7.30340709774502,"20000 to 24999",1063.87043673083
"312","Idaho",1652828,1683140,9,11462,955.166666666667,680.989103699039,56.7490919749199,"20000 to 24999",2168.72294031805
"313","Illinois",12839047,12801539,3,24367,2030.58333333333,190.344301571866,15.8620251309888,"20000 to 24999",1867.1646735151
"314","Indiana",6612768,6633053,4,17601,1466.75,265.352922703919,22.1127435586599,"20000 to 24999",2129.94026102231
"315","Iowa",3121997,3134693,5,15442,1286.83333333333,492.616023323496,41.051335276958,"20000 to 24999",2077.41865222804
"316","Kansas",2906721,2907289,5,13432,1119.33333333333,462.011172607883,38.5009310506569,"20000 to 24999",2026.81461344243
"317","Kentucky",4424611,4436974,4,16951,1412.58333333333,382.039651347968,31.8366376123307,"20000 to 24999",2327.21204191736
"318","Louisiana",4668960,4681666,5,14627,1218.91666666667,312.431514764189,26.0359595636824,"20000 to 24999",2345.02338850622
"319","Maine",1329453,1331479,6,6210,517.5,466.398643914023,38.866553659502,"20000 to 24999",2173.59906668382
"320","Maryland",5994983,6016447,8,7083,590.25,117.727289877232,9.81060748976929,"20000 to 24999",1235.19542924475
"321","Massachusetts",6784240,6811779,6,5880,490,86.3210623832629,7.19342186527191,"20000 to 24999",1433.88409018549
"322","Michigan",9917715,9928300,4,26151,2179.25,263.398541200554,21.9498784333795,"20000 to 24999",2178.70539736219
"323","Minnesota",5482435,5519952,3,17391,1449.25,315.057087452934,26.2547572877445,"20000 to 24999",1840.81186553055
"324","Mississippi",2989390,2988726,1,11264,938.666666666667,376.882992954188,31.4069160795157,"20000 to 24999",2549.06850561486
"325","Missouri",6076204,6093000,5,26691,2224.25,438.060068931561,36.5050057442967,"20000 to 24999",2266.25768325092
"326","Montana",1032073,1042520,9,12987,1082.25,1245.73149675786,103.810958063155,"20000 to 24999",2652.62864157865
"327","Nebraska",1893765,1907116,5,8228,685.666666666667,431.436787274607,35.9530656062173,"20000 to 24999",2161.23674267927
"328","Nevada",2883758,2940058,9,7452,621,253.464387437255,21.1220322864379,"20000 to 24999",1987.46132650521
"329","New Hampshire",1330111,1334795,6,5961,496.75,446.585430721571,37.215452560131,"20000 to 24999",1712.26762277735
"330","New Jersey",8935421,8944469,8,3957,329.75,44.2396300998975,3.68663584165812,"20000 to 24999",1498.46824229099
"331","New Mexico",2080328,2081015,5,8291,690.916666666667,398.411352152675,33.200946012723,"20000 to 24999",2343.62119819567
"332","New York",19747183,19745289,6,19935,1661.25,100.960791204423,8.41339926703529,"20000 to 24999",1721.68160896671
"333","North Carolina",10035186,10146788,1,28769,2397.41666666667,283.528147035298,23.6273455862749,"20000 to 24999",2259.85801359337
"334","North Dakota",756835,757952,3,4952,412.666666666667,653.339525458077,54.4449604548397,"20000 to 24999",1946.70238559263
"335","Ohio",11605090,11614373,4,29632,2469.33333333333,255.132153926863,21.2610128272386,"20000 to 24999",2183.2318835959
"336","Oklahoma",3907414,3923561,5,18364,1530.33333333333,468.044207800006,39.0036839833339,"20000 to 24999",2288.54713117167
"337","Oregon",4024634,4093465,9,17350,1445.83333333333,423.846301360828,35.3205251134023,"20000 to 24999",2045.40002892188
"338","Pennsylvania",12791904,12784227,8,30633,2552.75,239.615582545585,19.9679652121321,"20000 to 24999",1937.1772177152
"339","Rhode Island",1055607,1056426,6,1087,90.5833333333333,102.894097646215,8.57450813718456,"20000 to 24999",1814.28770366244
"340","South Carolina",4894834,4961119,1,13354,1112.83333333333,269.173144203959,22.4310953503299,"20000 to 24999",2315.17244507168
"341","South Dakota",857919,865454,3,6194,516.166666666667,715.6937283784,59.6411440315334,"20000 to 24999",2176.08363959768
"342","Tennessee",6595056,6651194,1,18427,1535.58333333333,277.048000704836,23.0873333920697,"20000 to 24999",2378.6927662176
"343","Texas",27429639,27862596,5,75956,6329.66666666667,272.609199803206,22.7174333169338,"20000 to 24999",1820.42073539502
"344","Utah",2990632,3051217,9,11105,925.416666666667,363.953137387475,30.3294281156229,"20000 to 24999",1307.45474535148
"345","Vermont",626088,624594,6,3724,310.333333333333,596.227309260095,49.6856091050079,"20000 to 24999",2279.62203396328
"346","Virginia",8367587,8411808,1,20580,1715,244.65608344841,20.3880069540341,"20000 to 24999",1559.46499271534
"347","Washington",7160290,7288000,9,14427,1202.25,197.955543358946,16.4962952799122,"20000 to 24999",1600.49475649729
"348","West Virginia",1841053,1831102,4,10736,894.666666666667,586.313596948723,48.8594664123936,"20000 to 24999",2673.13933928029
"349","Wisconsin",5767891,5778708,3,18875,1572.91666666667,326.63010486081,27.2191754050675,"20000 to 24999",2211.80653379199
"350","Wyoming",586555,585501,5,7358,613.166666666667,1256.70152570192,104.725127141827,"20000 to 24999",1873.47750850304
"351","Alabama",4853875,4863300,1,14761,1230.08333333333,303.518187239117,25.2931822699265,"25000 to 34999",4298.46401071309
"352","Alaska",737709,741894,9,7284,607,981.811417803622,81.8176181503018,"25000 to 34999",2577.44720479213
"353","Arizona",6817565,6931071,9,21759,1813.25,313.934166884166,26.1611805736805,"25000 to 34999",3865.63026535134
"354","Arkansas",2977853,2988248,5,15251,1270.91666666667,510.365940176317,42.5304950146931,"25000 to 34999",4843.33974846979
"355","California",38993940,39250017,9,30579,2548.25,77.9082465110779,6.49235387592316,"25000 to 34999",2844.25400972561
"356","Colorado",5448819,5540545,5,20702,1725.16666666667,373.645552919433,31.1371294099528,"25000 to 34999",3274.60335900312
"357","Connecticut",3584730,3576452,6,6473,539.416666666667,180.98942751084,15.08245229257,"25000 to 34999",2698.85363751245
"358","Delaware",944076,952065,8,1433,119.416666666667,150.514933329132,12.542911110761,"25000 to 34999",3436.03057380974
"359","Florida",20244914,20612439,1,38357,3196.41666666667,186.086663494796,15.5072219578996,"25000 to 34999",4165.68720420349
"360","Georgia",10199398,10310371,1,23825,1985.41666666667,231.078008735088,19.256500727924,"25000 to 34999",3692.47205570368
"361","Hawaii",1425157,1428557,9,1252,104.333333333333,87.6408851729402,7.30340709774502,"25000 to 34999",2127.74087346166
"362","Idaho",1652828,1683140,9,11462,955.166666666667,680.989103699039,56.7490919749199,"25000 to 34999",4373.59126297473
"363","Illinois",12839047,12801539,3,24367,2030.58333333333,190.344301571866,15.8620251309888,"25000 to 34999",3398.23970579748
"364","Indiana",6612768,6633053,4,17601,1466.75,265.352922703919,22.1127435586599,"25000 to 34999",4297.91516956288
"365","Iowa",3121997,3134693,5,15442,1286.83333333333,492.616023323496,41.051335276958,"25000 to 34999",4074.9365870627
"366","Kansas",2906721,2907289,5,13432,1119.33333333333,462.011172607883,38.5009310506569,"25000 to 34999",3824.17851592912
"367","Kentucky",4424611,4436974,4,16951,1412.58333333333,382.039651347968,31.8366376123307,"25000 to 34999",4421.70287964298
"368","Louisiana",4668960,4681666,5,14627,1218.91666666667,312.431514764189,26.0359595636824,"25000 to 34999",3945.59490764539
"369","Maine",1329453,1331479,6,6210,517.5,466.398643914023,38.866553659502,"25000 to 34999",4347.19813336763
"370","Maryland",5994983,6016447,8,7083,590.25,117.727289877232,9.81060748976929,"25000 to 34999",2615.70796781242
"371","Massachusetts",6784240,6811779,6,5880,490,86.3210623832629,7.19342186527191,"25000 to 34999",2867.76818037098
"372","Michigan",9917715,9928300,4,26151,2179.25,263.398541200554,21.9498784333795,"25000 to 34999",4123.97807357844
"373","Minnesota",5482435,5519952,3,17391,1449.25,315.057087452934,26.2547572877445,"25000 to 34999",3329.12784191696
"374","Mississippi",2989390,2988726,1,11264,938.666666666667,376.882992954188,31.4069160795157,"25000 to 34999",4285.3905311786
"375","Missouri",6076204,6093000,5,26691,2224.25,438.060068931561,36.5050057442967,"25000 to 34999",4337.14832484229
"376","Montana",1032073,1042520,9,12987,1082.25,1245.73149675786,103.810958063155,"25000 to 34999",4461.23907901863
"377","Nebraska",1893765,1907116,5,8228,685.666666666667,431.436787274607,35.9530656062173,"25000 to 34999",4008.11177733246
"378","Nevada",2883758,2940058,9,7452,621,253.464387437255,21.1220322864379,"25000 to 34999",4011.05831349232
"379","New Hampshire",1330111,1334795,6,5961,496.75,446.585430721571,37.215452560131,"25000 to 34999",2918.63799337048
"380","New Jersey",8935421,8944469,8,3957,329.75,44.2396300998975,3.68663584165812,"25000 to 34999",2747.19177753348
"381","New Mexico",2080328,2081015,5,8291,690.916666666667,398.411352152675,33.200946012723,"25000 to 34999",4137.95617806423
"382","New York",19747183,19745289,6,19935,1661.25,100.960791204423,8.41339926703529,"25000 to 34999",3150.31102917312
"383","North Carolina",10035186,10146788,1,28769,2397.41666666667,283.528147035298,23.6273455862749,"25000 to 34999",4404.80799259725
"384","North Dakota",756835,757952,3,4952,412.666666666667,653.339525458077,54.4449604548397,"25000 to 34999",3893.40477118527
"385","Ohio",11605090,11614373,4,29632,2469.33333333333,255.132153926863,21.2610128272386,"25000 to 34999",4247.37839172294
"386","Oklahoma",3907414,3923561,5,18364,1530.33333333333,468.044207800006,39.0036839833339,"25000 to 34999",4089.37110324117
"387","Oregon",4024634,4093465,9,17350,1445.83333333333,423.846301360828,35.3205251134023,"25000 to 34999",4090.80005784377
"388","Pennsylvania",12791904,12784227,8,30633,2552.75,239.615582545585,19.9679652121321,"25000 to 34999",3835.61089107611
"389","Rhode Island",1055607,1056426,6,1087,90.5833333333333,102.894097646215,8.57450813718456,"25000 to 34999",3396.96421111266
"390","South Carolina",4894834,4961119,1,13354,1112.83333333333,269.173144203959,22.4310953503299,"25000 to 34999",4250.80842373817
"391","South Dakota",857919,865454,3,6194,516.166666666667,715.6937283784,59.6411440315334,"25000 to 34999",4193.90665086098
"392","Tennessee",6595056,6651194,1,18427,1535.58333333333,277.048000704836,23.0873333920697,"25000 to 34999",4373.72540885172
"393","Texas",27429639,27862596,5,75956,6329.66666666667,272.609199803206,22.7174333169338,"25000 to 34999",3469.1036655641
"394","Utah",2990632,3051217,9,11105,925.416666666667,363.953137387475,30.3294281156229,"25000 to 34999",2832.81861492822
"395","Vermont",626088,624594,6,3724,310.333333333333,596.227309260095,49.6856091050079,"25000 to 34999",3745.0933415111
"396","Virginia",8367587,8411808,1,20580,1715,244.65608344841,20.3880069540341,"25000 to 34999",3081.79986655651
"397","Washington",7160290,7288000,9,14427,1202.25,197.955543358946,16.4962952799122,"25000 to 34999",3315.31056703011
"398","West Virginia",1841053,1831102,4,10736,894.666666666667,586.313596948723,48.8594664123936,"25000 to 34999",4707.91704529962
"399","Wisconsin",5767891,5778708,3,18875,1572.91666666667,326.63010486081,27.2191754050675,"25000 to 34999",4142.11041782863
"400","Wyoming",586555,585501,5,7358,613.166666666667,1256.70152570192,104.725127141827,"25000 to 34999",3707.92423557893
"401","Alabama",4853875,4863300,1,14761,1230.08333333333,303.518187239117,25.2931822699265,"35000 to 49999",5249.45162370271
"402","Alaska",737709,741894,9,7284,607,981.811417803622,81.8176181503018,"35000 to 49999",4001.82592322989
"403","Arizona",6817565,6931071,9,21759,1813.25,313.934166884166,26.1611805736805,"35000 to 49999",5238.47092033593
"404","Arkansas",2977853,2988248,5,15251,1270.91666666667,510.365940176317,42.5304950146931,"35000 to 49999",5765.88065294022
"405","California",38993940,39250017,9,30579,2548.25,77.9082465110779,6.49235387592316,"35000 to 49999",3869.50836206857
"406","Colorado",5448819,5540545,5,20702,1725.16666666667,373.645552919433,31.1371294099528,"35000 to 49999",5026.13538823734
"407","Connecticut",3584730,3576452,6,6473,539.416666666667,180.98942751084,15.08245229257,"35000 to 49999",4235.70084776259
"408","Delaware",944076,952065,8,1433,119.416666666667,150.514933329132,12.542911110761,"35000 to 49999",4929.95691024875
"409","Florida",20244914,20612439,1,38357,3196.41666666667,186.086663494796,15.5072219578996,"35000 to 49999",5455.94430285058
"410","Georgia",10199398,10310371,1,23825,1985.41666666667,231.078008735088,19.256500727924,"35000 to 49999",5018.89405629626
"411","Hawaii",1425157,1428557,9,1252,104.333333333333,87.6408851729402,7.30340709774502,"35000 to 49999",3410.64345893119
"412","Idaho",1652828,1683140,9,11462,955.166666666667,680.989103699039,56.7490919749199,"35000 to 49999",5385.66196845649
"413","Illinois",12839047,12801539,3,24367,2030.58333333333,190.344301571866,15.8620251309888,"35000 to 49999",4705.25497725805
"414","Indiana",6612768,6633053,4,17601,1466.75,265.352922703919,22.1127435586599,"35000 to 49999",5819.30107029311
"415","Iowa",3121997,3134693,5,15442,1286.83333333333,492.616023323496,41.051335276958,"35000 to 49999",5633.00057623374
"416","Kansas",2906721,2907289,5,13432,1119.33333333333,462.011172607883,38.5009310506569,"35000 to 49999",5583.30063325651
"417","Kentucky",4424611,4436974,4,16951,1412.58333333333,382.039651347968,31.8366376123307,"35000 to 49999",5662.88263533224
"418","Louisiana",4668960,4681666,5,14627,1218.91666666667,312.431514764189,26.0359595636824,"35000 to 49999",4801.7145574175
"419","Maine",1329453,1331479,6,6210,517.5,466.398643914023,38.866553659502,"35000 to 49999",5536.52592457199
"420","Maryland",5994983,6016447,8,7083,590.25,117.727289877232,9.81060748976929,"35000 to 49999",3814.57411972644
"421","Massachusetts",6784240,6811779,6,5880,490,86.3210623832629,7.19342186527191,"35000 to 49999",3848.84676839263
"422","Michigan",9917715,9928300,4,26151,2179.25,263.398541200554,21.9498784333795,"35000 to 49999",5602.38530750279
"423","Minnesota",5482435,5519952,3,17391,1449.25,315.057087452934,26.2547572877445,"35000 to 49999",5052.4410777328
"424","Mississippi",2989390,2988726,1,11264,938.666666666667,376.882992954188,31.4069160795157,"35000 to 49999",5282.85212033224
"425","Missouri",6076204,6093000,5,26691,2224.25,438.060068931561,36.5050057442967,"35000 to 49999",5743.79102479114
"426","Montana",1032073,1042520,9,12987,1082.25,1245.73149675786,103.810958063155,"35000 to 49999",5787.55339980796
"427","Nebraska",1893765,1907116,5,8228,685.666666666667,431.436787274607,35.9530656062173,"35000 to 49999",5540.62510395957
"428","Nevada",2883758,2940058,9,7452,621,253.464387437255,21.1220322864379,"35000 to 49999",5384.21341180501
"429","New Hampshire",1330111,1334795,6,5961,496.75,446.585430721571,37.215452560131,"35000 to 49999",4630.90561614782
"430","New Jersey",8935421,8944469,8,3957,329.75,44.2396300998975,3.68663584165812,"35000 to 49999",3746.17060572748
"431","New Mexico",2080328,2081015,5,8291,690.916666666667,398.411352152675,33.200946012723,"35000 to 49999",5016.8141273876
"432","New York",19747183,19745289,6,19935,1661.25,100.960791204423,8.41339926703529,"35000 to 49999",4175.99368983414
"433","North Carolina",10035186,10146788,1,28769,2397.41666666667,283.528147035298,23.6273455862749,"35000 to 49999",5630.49369488518
"434","North Dakota",756835,757952,3,4952,412.666666666667,653.339525458077,54.4449604548397,"35000 to 49999",5757.26875739098
"435","Ohio",11605090,11614373,4,29632,2469.33333333333,255.132153926863,21.2610128272386,"35000 to 49999",5597.01264703677
"436","Oklahoma",3907414,3923561,5,18364,1530.33333333333,468.044207800006,39.0036839833339,"35000 to 49999",5552.54058054765
"437","Oregon",4024634,4093465,9,17350,1445.83333333333,423.846301360828,35.3205251134023,"35000 to 49999",5248.57365912031
"438","Pennsylvania",12791904,12784227,8,30633,2552.75,239.615582545585,19.9679652121321,"35000 to 49999",5152.89139912244
"439","Rhode Island",1055607,1056426,6,1087,90.5833333333333,102.894097646215,8.57450813718456,"35000 to 49999",4670.82579027991
"440","South Carolina",4894834,4961119,1,13354,1112.83333333333,269.173144203959,22.4310953503299,"35000 to 49999",5541.23240951583
"441","South Dakota",857919,865454,3,6194,516.166666666667,715.6937283784,59.6411440315334,"35000 to 49999",5895.20840545553
"442","Tennessee",6595056,6651194,1,18427,1535.58333333333,277.048000704836,23.0873333920697,"35000 to 49999",5716.53584139392
"443","Texas",27429639,27862596,5,75956,6329.66666666667,272.609199803206,22.7174333169338,"35000 to 49999",4636.92074110053
"444","Utah",2990632,3051217,9,11105,925.416666666667,363.953137387475,30.3294281156229,"35000 to 49999",4233.66298494766
"445","Vermont",626088,624594,6,3724,310.333333333333,596.227309260095,49.6856091050079,"35000 to 49999",5332.68725802124
"446","Virginia",8367587,8411808,1,20580,1715,244.65608344841,20.3880069540341,"35000 to 49999",4455.61426490098
"447","Washington",7160290,7288000,9,14427,1202.25,197.955543358946,16.4962952799122,"35000 to 49999",4877.69830551556
"448","West Virginia",1841053,1831102,4,10736,894.666666666667,586.313596948723,48.8594664123936,"35000 to 49999",6224.02592429441
"449","Wisconsin",5767891,5778708,3,18875,1572.91666666667,326.63010486081,27.2191754050675,"35000 to 49999",5630.05299510688
"450","Wyoming",586555,585501,5,7358,613.166666666667,1256.70152570192,104.725127141827,"35000 to 49999",5230.12471123765
"451","Alabama",4853875,4863300,1,14761,1230.08333333333,303.518187239117,25.2931822699265,"50000 to 74999",6771.03180448611
"452","Alaska",737709,741894,9,7284,607,981.811417803622,81.8176181503018,"50000 to 74999",6002.73888484484
"453","Arizona",6817565,6931071,9,21759,1813.25,313.934166884166,26.1611805736805,"50000 to 74999",6791.94850360796
"454","Arkansas",2977853,2988248,5,15251,1270.91666666667,510.365940176317,42.5304950146931,"50000 to 74999",6803.73917046946
"455","California",38993940,39250017,9,30579,2548.25,77.9082465110779,6.49235387592316,"50000 to 74999",5423.92625110466
"456","Colorado",5448819,5540545,5,20702,1725.16666666667,373.645552919433,31.1371294099528,"50000 to 74999",6968.05133369268
"457","Connecticut",3584730,3576452,6,6473,539.416666666667,180.98942751084,15.08245229257,"50000 to 74999",5959.96844950666
"458","Delaware",944076,952065,8,1433,119.416666666667,150.514933329132,12.542911110761,"50000 to 74999",7021.45378126337
"459","Florida",20244914,20612439,1,38357,3196.41666666667,186.086663494796,15.5072219578996,"50000 to 74999",6819.93037856323
"460","Georgia",10199398,10310371,1,23825,1985.41666666667,231.078008735088,19.256500727924,"50000 to 74999",6524.56227318514
"461","Hawaii",1425157,1428557,9,1252,104.333333333333,87.6408851729402,7.30340709774502,"50000 to 74999",5569.67463935552
"462","Idaho",1652828,1683140,9,11462,955.166666666667,680.989103699039,56.7490919749199,"50000 to 74999",6831.47726200185
"463","Illinois",12839047,12801539,3,24367,2030.58333333333,190.344301571866,15.8620251309888,"50000 to 74999",6535.07635730284
"464","Indiana",6612768,6633053,4,17601,1466.75,265.352922703919,22.1127435586599,"50000 to 74999",7340.68697102333
"465","Iowa",3121997,3134693,5,15442,1286.83333333333,492.616023323496,41.051335276958,"50000 to 74999",8149.87317412541
"466","Kansas",2906721,2907289,5,13432,1119.33333333333,462.011172607883,38.5009310506569,"50000 to 74999",7418.90632090249
"467","Kentucky",4424611,4436974,4,16951,1412.58333333333,382.039651347968,31.8366376123307,"50000 to 74999",7020.42299311736
"468","Louisiana",4668960,4681666,5,14627,1218.91666666667,312.431514764189,26.0359595636824,"50000 to 74999",6067.28273534149
"469","Maine",1329453,1331479,6,6210,517.5,466.398643914023,38.866553659502,"50000 to 74999",8038.21541641562
"470","Maryland",5994983,6016447,8,7083,590.25,117.727289877232,9.81060748976929,"50000 to 74999",6212.3064235545
"471","Massachusetts",6784240,6811779,6,5880,490,86.3210623832629,7.19342186527191,"50000 to 74999",5924.20531997689
"472","Michigan",9917715,9928300,4,26151,2179.25,263.398541200554,21.9498784333795,"50000 to 74999",7275.31980904876
"473","Minnesota",5482435,5519952,3,17391,1449.25,315.057087452934,26.2547572877445,"50000 to 74999",7402.41367202712
"474","Mississippi",2989390,2988726,1,11264,938.666666666667,376.882992954188,31.4069160795157,"50000 to 74999",6132.54162220386
"475","Missouri",6076204,6093000,5,26691,2224.25,438.060068931561,36.5050057442967,"50000 to 74999",7306.72735806764
"476","Montana",1032073,1042520,9,12987,1082.25,1245.73149675786,103.810958063155,"50000 to 74999",7917.69458168172
"477","Nebraska",1893765,1907116,5,8228,685.666666666667,431.436787274607,35.9530656062173,"50000 to 74999",7583.97620612906
"478","Nevada",2883758,2940058,9,7452,621,253.464387437255,21.1220322864379,"50000 to 74999",6901.91115204535
"479","New Hampshire",1330111,1334795,6,5961,496.75,446.585430721571,37.215452560131,"50000 to 74999",6926.90083759927
"480","New Jersey",8935421,8944469,8,3957,329.75,44.2396300998975,3.68663584165812,"50000 to 74999",5565.73918565225
"481","New Mexico",2080328,2081015,5,8291,690.916666666667,398.411352152675,33.200946012723,"50000 to 74999",6261.86288892905
"482","New York",19747183,19745289,6,19935,1661.25,100.960791204423,8.41339926703529,"50000 to 74999",5970.93834599092
"483","North Carolina",10035186,10146788,1,28769,2397.41666666667,283.528147035298,23.6273455862749,"50000 to 74999",6817.87671897661
"484","North Dakota",756835,757952,3,4952,412.666666666667,653.339525458077,54.4449604548397,"50000 to 74999",7082.6831475817
"485","Ohio",11605090,11614373,4,29632,2469.33333333333,255.132153926863,21.2610128272386,"50000 to 74999",7343.5981539135
"486","Oklahoma",3907414,3923561,5,18364,1530.33333333333,468.044207800006,39.0036839833339,"50000 to 74999",7090.74439002368
"487","Oregon",4024634,4093465,9,17350,1445.83333333333,423.846301360828,35.3205251134023,"50000 to 74999",7255.38123466631
"488","Pennsylvania",12791904,12784227,8,30633,2552.75,239.615582545585,19.9679652121321,"50000 to 74999",7128.81216119195
"489","Rhode Island",1055607,1056426,6,1087,90.5833333333333,102.894097646215,8.57450813718456,"50000 to 74999",6369.30789583623
"490","South Carolina",4894834,4961119,1,13354,1112.83333333333,269.173144203959,22.4310953503299,"50000 to 74999",7097.33192177712
"491","South Dakota",857919,865454,3,6194,516.166666666667,715.6937283784,59.6411440315334,"50000 to 74999",7794.33594546805
"492","Tennessee",6595056,6651194,1,18427,1535.58333333333,277.048000704836,23.0873333920697,"50000 to 74999",7097.71228629446
"493","Texas",27429639,27862596,5,75956,6329.66666666667,272.609199803206,22.7174333169338,"50000 to 74999",6182.56098813404
"494","Utah",2990632,3051217,9,11105,925.416666666667,363.953137387475,30.3294281156229,"50000 to 74999",6475.01397697878
"495","Vermont",626088,624594,6,3724,310.333333333333,596.227309260095,49.6856091050079,"50000 to 74999",7856.55450990915
"496","Virginia",8367587,8411808,1,20580,1715,244.65608344841,20.3880069540341,"50000 to 74999",6460.64068410642
"497","Washington",7160290,7288000,9,14427,1202.25,197.955543358946,16.4962952799122,"50000 to 74999",6935.47727815493
"498","West Virginia",1841053,1831102,4,10736,894.666666666667,586.313596948723,48.8594664123936,"50000 to 74999",6902.28515963419
"499","Wisconsin",5767891,5778708,3,18875,1572.91666666667,326.63010486081,27.2191754050675,"50000 to 74999",8002.71818590192
"500","Wyoming",586555,585501,5,7358,613.166666666667,1256.70152570192,104.725127141827,"50000 to 74999",7337.78690830357
"501","Alabama",4853875,4863300,1,14761,1230.08333333333,303.518187239117,25.2931822699265,"75000 to 99999",4070.22698359558
"502","Alaska",737709,741894,9,7284,607,981.811417803622,81.8176181503018,"75000 to 99999",5087.06685156342
"503","Arizona",6817565,6931071,9,21759,1813.25,313.934166884166,26.1611805736805,"75000 to 99999",4335.2862788987
"504","Arkansas",2977853,2988248,5,15251,1270.91666666667,510.365940176317,42.5304950146931,"75000 to 99999",3997.67725270522
"505","California",38993940,39250017,9,30579,2548.25,77.9082465110779,6.49235387592316,"75000 to 99999",4034.87196728517
"506","Colorado",5448819,5540545,5,20702,1725.16666666667,373.645552919433,31.1371294099528,"75000 to 99999",5102.28895472579
"507","Connecticut",3584730,3576452,6,6473,539.416666666667,180.98942751084,15.08245229257,"75000 to 99999",4685.509787348
"508","Delaware",944076,952065,8,1433,119.416666666667,150.514933329132,12.542911110761,"75000 to 99999",5564.87560323533
"509","Florida",20244914,20612439,1,38357,3196.41666666667,186.086663494796,15.5072219578996,"75000 to 99999",4202.55169273626
"510","Georgia",10199398,10310371,1,23825,1985.41666666667,231.078008735088,19.256500727924,"75000 to 99999",4122.66297481479
"511","Hawaii",1425157,1428557,9,1252,104.333333333333,87.6408851729402,7.30340709774502,"75000 to 99999",4537.09450958736
"512","Idaho",1652828,1683140,9,11462,955.166666666667,680.989103699039,56.7490919749199,"75000 to 99999",4337.4458806361
"513","Illinois",12839047,12801539,3,24367,2030.58333333333,190.344301571866,15.8620251309888,"75000 to 99999",4742.59827072835
"514","Indiana",6612768,6633053,4,17601,1466.75,265.352922703919,22.1127435586599,"75000 to 99999",4754.33093978195
"515","Iowa",3121997,3134693,5,15442,1286.83333333333,492.616023323496,41.051335276958,"75000 to 99999",5553.09985884035
"516","Kansas",2906721,2907289,5,13432,1119.33333333333,462.011172607883,38.5009310506569,"75000 to 99999",4818.46493007069
"517","Kentucky",4424611,4436974,4,16951,1412.58333333333,382.039651347968,31.8366376123307,"75000 to 99999",4305.34227754711
"518","Louisiana",4668960,4681666,5,14627,1218.91666666667,312.431514764189,26.0359595636824,"75000 to 99999",4057.26268805044
"519","Maine",1329453,1331479,6,6210,517.5,466.398643914023,38.866553659502,"75000 to 99999",5372.48071199207
"520","Maryland",5994983,6016447,8,7083,590.25,117.727289877232,9.81060748976929,"75000 to 99999",4868.12316231756
"521","Massachusetts",6784240,6811779,6,5880,490,86.3210623832629,7.19342186527191,"75000 to 99999",4565.78881348537
"522","Michigan",9917715,9928300,4,26151,2179.25,263.398541200554,21.9498784333795,"75000 to 99999",4668.65442291899
"523","Minnesota",5482435,5519952,3,17391,1449.25,315.057087452934,26.2547572877445,"75000 to 99999",5483.26938668675
"524","Mississippi",2989390,2988726,1,11264,938.666666666667,376.882992954188,31.4069160795157,"75000 to 99999",3989.84635661456
"525","Missouri",6076204,6093000,5,26691,2224.25,438.060068931561,36.5050057442967,"75000 to 99999",4688.8089998295
"526","Montana",1032073,1042520,9,12987,1082.25,1245.73149675786,103.810958063155,"75000 to 99999",4742.57848039819
"527","Nebraska",1893765,1907116,5,8228,685.666666666667,431.436787274607,35.9530656062173,"75000 to 99999",5186.96818243024
"528","Nevada",2883758,2940058,9,7452,621,253.464387437255,21.1220322864379,"75000 to 99999",4733.77152313058
"529","New Hampshire",1330111,1334795,6,5961,496.75,446.585430721571,37.215452560131,"75000 to 99999",5681.6152937612
"530","New Jersey",8935421,8944469,8,3957,329.75,44.2396300998975,3.68663584165812,"75000 to 99999",4352.6934657024
"531","New Mexico",2080328,2081015,5,8291,690.916666666667,398.411352152675,33.200946012723,"75000 to 99999",4028.09893439881
"532","New York",19747183,19745289,6,19935,1661.25,100.960791204423,8.41339926703529,"75000 to 99999",4322.51978421429
"533","North Carolina",10035186,10146788,1,28769,2397.41666666667,283.528147035298,23.6273455862749,"75000 to 99999",4366.50531440075
"534","North Dakota",756835,757952,3,4952,412.666666666667,653.339525458077,54.4449604548397,"75000 to 99999",5550.17275892368
"535","Ohio",11605090,11614373,4,29632,2469.33333333333,255.132153926863,21.2610128272386,"75000 to 99999",4842.80526906728
"536","Oklahoma",3907414,3923561,5,18364,1530.33333333333,468.044207800006,39.0036839833339,"75000 to 99999",4351.99126583464
"537","Oregon",4024634,4093465,9,17350,1445.83333333333,423.846301360828,35.3205251134023,"75000 to 99999",4862.64912536146
"538","Pennsylvania",12791904,12784227,8,30633,2552.75,239.615582545585,19.9679652121321,"75000 to 99999",4959.17367735092
"539","Rhode Island",1055607,1056426,6,1087,90.5833333333333,102.894097646215,8.57450813718456,"75000 to 99999",5056.84445063362
"540","South Carolina",4894834,4961119,1,13354,1112.83333333333,269.173144203959,22.4310953503299,"75000 to 99999",4440.57665694077
"541","South Dakota",857919,865454,3,6194,516.166666666667,715.6937283784,59.6411440315334,"75000 to 99999",5618.25230587037
"542","Tennessee",6595056,6651194,1,18427,1535.58333333333,277.048000704836,23.0873333920697,"75000 to 99999",4258.62737177668
"543","Texas",27429639,27862596,5,75956,6329.66666666667,272.609199803206,22.7174333169338,"75000 to 99999",4121.70732542269
"544","Utah",2990632,3051217,9,11105,925.416666666667,363.953137387475,30.3294281156229,"75000 to 99999",4669.48123339816
"545","Vermont",626088,624594,6,3724,310.333333333333,596.227309260095,49.6856091050079,"75000 to 99999",5780.47015754974
"546","Virginia",8367587,8411808,1,20580,1715,244.65608344841,20.3880069540341,"75000 to 99999",4752.65521589438
"547","Washington",7160290,7288000,9,14427,1202.25,197.955543358946,16.4962952799122,"75000 to 99999",5258.76848563396
"548","West Virginia",1841053,1831102,4,10736,894.666666666667,586.313596948723,48.8594664123936,"75000 to 99999",4308.94102451152
"549","Wisconsin",5767891,5778708,3,18875,1572.91666666667,326.63010486081,27.2191754050675,"75000 to 99999",5630.05299510688
"550","Wyoming",586555,585501,5,7358,613.166666666667,1256.70152570192,104.725127141827,"75000 to 99999",5620.43252550912
"551","Alabama",4853875,4863300,1,14761,1230.08333333333,303.518187239117,25.2931822699265,"100000 to 149999",3994.14797455641
"552","Alaska",737709,741894,9,7284,607,981.811417803622,81.8176181503018,"100000 to 149999",6375.79045395949
"553","Arizona",6817565,6931071,9,21759,1813.25,313.934166884166,26.1611805736805,"100000 to 149999",4371.41366455619
"554","Arkansas",2977853,2988248,5,15251,1270.91666666667,510.365940176317,42.5304950146931,"100000 to 149999",3574.84600482294
"555","California",38993940,39250017,9,30579,2548.25,77.9082465110779,6.49235387592316,"100000 to 149999",5060.12631962813
"556","Colorado",5448819,5540545,5,20702,1725.16666666667,373.645552919433,31.1371294099528,"100000 to 149999",6130.36210231979
"557","Connecticut",3584730,3576452,6,6473,539.416666666667,180.98942751084,15.08245229257,"100000 to 149999",6372.29331079328
"558","Delaware",944076,952065,8,1433,119.416666666667,150.514933329132,12.542911110761,"100000 to 149999",5378.13481118046
"559","Florida",20244914,20612439,1,38357,3196.41666666667,186.086663494796,15.5072219578996,"100000 to 149999",4091.95822713794
"560","Georgia",10199398,10310371,1,23825,1985.41666666667,231.078008735088,19.256500727924,"100000 to 149999",4445.30616414812
"561","Hawaii",1425157,1428557,9,1252,104.333333333333,87.6408851729402,7.30340709774502,"100000 to 149999",5882.57770898224
"562","Idaho",1652828,1683140,9,11462,955.166666666667,680.989103699039,56.7490919749199,"100000 to 149999",4229.0097336202
"563","Illinois",12839047,12801539,3,24367,2030.58333333333,190.344301571866,15.8620251309888,"100000 to 149999",5489.46414013439
"564","Indiana",6612768,6633053,4,17601,1466.75,265.352922703919,22.1127435586599,"100000 to 149999",4526.12305467242
"565","Iowa",3121997,3134693,5,15442,1286.83333333333,492.616023323496,41.051335276958,"100000 to 149999",5233.49698926681
"566","Kansas",2906721,2907289,5,13432,1119.33333333333,462.011172607883,38.5009310506569,"100000 to 149999",5315.60813714147
"567","Kentucky",4424611,4436974,4,16951,1412.58333333333,382.039651347968,31.8366376123307,"100000 to 149999",3995.0473386248
"568","Louisiana",4668960,4681666,5,14627,1218.91666666667,312.431514764189,26.0359595636824,"100000 to 149999",4317.82084232891
"569","Maine",1329453,1331479,6,6210,517.5,466.398643914023,38.866553659502,"100000 to 149999",4798.32246796239
"570","Maryland",5994983,6016447,8,7083,590.25,117.727289877232,9.81060748976929,"100000 to 149999",6539.26991953105
"571","Massachusetts",6784240,6811779,6,5880,490,86.3210623832629,7.19342186527191,"100000 to 149999",6490.21219768169
"572","Michigan",9917715,9928300,4,26151,2179.25,263.398541200554,21.9498784333795,"100000 to 149999",4746.46532996764
"573","Minnesota",5482435,5519952,3,17391,1449.25,315.057087452934,26.2547572877445,"100000 to 149999",6227.42737487996
"574","Mississippi",2989390,2988726,1,11264,938.666666666667,376.882992954188,31.4069160795157,"100000 to 149999",3472.64405112749
"575","Missouri",6076204,6093000,5,26691,2224.25,438.060068931561,36.5050057442967,"100000 to 149999",4688.8089998295
"576","Montana",1032073,1042520,9,12987,1082.25,1245.73149675786,103.810958063155,"100000 to 149999",4622.00445123552
"577","Nebraska",1893765,1907116,5,8228,685.666666666667,431.436787274607,35.9530656062173,"100000 to 149999",5462.03467695305
"578","Nevada",2883758,2940058,9,7452,621,253.464387437255,21.1220322864379,"100000 to 149999",4480.82189975719
"579","New Hampshire",1330111,1334795,6,5961,496.75,446.585430721571,37.215452560131,"100000 to 149999",6771.24014461951
"580","New Jersey",8935421,8944469,8,3957,329.75,44.2396300998975,3.68663584165812,"100000 to 149999",6065.22859974925
"581","New Mexico",2080328,2081015,5,8291,690.916666666667,398.411352152675,33.200946012723,"100000 to 149999",4028.09893439881
"582","New York",19747183,19745289,6,19935,1661.25,100.960791204423,8.41339926703529,"100000 to 149999",5384.83396847034
"583","North Carolina",10035186,10146788,1,28769,2397.41666666667,283.528147035298,23.6273455862749,"100000 to 149999",4289.89995800775
"584","North Dakota",756835,757952,3,4952,412.666666666667,653.339525458077,54.4449604548397,"100000 to 149999",6585.65275126018
"585","Ohio",11605090,11614373,4,29632,2469.33333333333,255.132153926863,21.2610128272386,"100000 to 149999",4922.19551937986
"586","Oklahoma",3907414,3923561,5,18364,1530.33333333333,468.044207800006,39.0036839833339,"100000 to 149999",4201.92260149552
"587","Oregon",4024634,4093465,9,17350,1445.83333333333,423.846301360828,35.3205251134023,"100000 to 149999",5055.61139224088
"588","Pennsylvania",12791904,12784227,8,30633,2552.75,239.615582545585,19.9679652121321,"100000 to 149999",5230.37848783105
"589","Rhode Island",1055607,1056426,6,1087,90.5833333333333,102.894097646215,8.57450813718456,"100000 to 149999",5713.07617323493
"590","South Carolina",4894834,4961119,1,13354,1112.83333333333,269.173144203959,22.4310953503299,"100000 to 149999",4061.04019053557
"591","South Dakota",857919,865454,3,6194,516.166666666667,715.6937283784,59.6411440315334,"100000 to 149999",4747.8188500313
"592","Tennessee",6595056,6651194,1,18427,1535.58333333333,277.048000704836,23.0873333920697,"100000 to 149999",4143.52933470163
"593","Texas",27429639,27862596,5,75956,6329.66666666667,272.609199803206,22.7174333169338,"100000 to 149999",4636.92074110053
"594","Utah",2990632,3051217,9,11105,925.416666666667,363.953137387475,30.3294281156229,"100000 to 149999",4794.00073295544
"595","Vermont",626088,624594,6,3724,310.333333333333,596.227309260095,49.6856091050079,"100000 to 149999",5739.76262122896
"596","Virginia",8367587,8411808,1,20580,1715,244.65608344841,20.3880069540341,"100000 to 149999",5940.81901986797
"597","Washington",7160290,7288000,9,14427,1202.25,197.955543358946,16.4962952799122,"100000 to 149999",6020.90884587077
"598","West Virginia",1841053,1831102,4,10736,894.666666666667,586.313596948723,48.8594664123936,"100000 to 149999",3790.27219748698
"599","Wisconsin",5767891,5778708,3,18875,1572.91666666667,326.63010486081,27.2191754050675,"100000 to 149999",5469.19433810382
"600","Wyoming",586555,585501,5,7358,613.166666666667,1256.70152570192,104.725127141827,"100000 to 149999",6674.26362404208
"601","Alabama",4853875,4863300,1,14761,1230.08333333333,303.518187239117,25.2931822699265,"150000 or more",2586.68630733177
"602","Alaska",737709,741894,9,7284,607,981.811417803622,81.8176181503018,"150000 or more",5154.89440958427
"603","Arizona",6817565,6931071,9,21759,1813.25,313.934166884166,26.1611805736805,"150000 or more",3143.08255220156
"604","Arkansas",2977853,2988248,5,15251,1270.91666666667,510.365940176317,42.5304950146931,"150000 or more",2114.15623941141
"605","California",38993940,39250017,9,30579,2548.25,77.9082465110779,6.49235387592316,"150000 or more",5423.92625110466
"606","Colorado",5448819,5540545,5,20702,1725.16666666667,373.645552919433,31.1371294099528,"150000 or more",4988.05860499312
"607","Connecticut",3584730,3576452,6,6473,539.416666666667,180.98942751084,15.08245229257,"150000 or more",6972.03856357383
"608","Delaware",944076,952065,8,1433,119.416666666667,150.514933329132,12.542911110761,"150000 or more",4295.03821726217
"609","Florida",20244914,20612439,1,38357,3196.41666666667,186.086663494796,15.5072219578996,"150000 or more",3170.34601381858
"610","Georgia",10199398,10310371,1,23825,1985.41666666667,231.078008735088,19.256500727924,"150000 or more",3333.97962311109
"611","Hawaii",1425157,1428557,9,1252,104.333333333333,87.6408851729402,7.30340709774502,"150000 or more",4975.15880706476
"612","Idaho",1652828,1683140,9,11462,955.166666666667,680.989103699039,56.7490919749199,"150000 or more",2096.43217564078
"613","Illinois",12839047,12801539,3,24367,2030.58333333333,190.344301571866,15.8620251309888,"150000 or more",4667.91168378775
"614","Indiana",6612768,6633053,4,17601,1466.75,265.352922703919,22.1127435586599,"150000 or more",2624.39067875964
"615","Iowa",3121997,3134693,5,15442,1286.83333333333,492.616023323496,41.051335276958,"150000 or more",2916.3761848586
"616","Kansas",2906721,2907289,5,13432,1119.33333333333,462.011172607883,38.5009310506569,"150000 or more",3174.06816822117
"617","Kentucky",4424611,4436974,4,16951,1412.58333333333,382.039651347968,31.8366376123307,"150000 or more",2404.78577664794
"618","Louisiana",4668960,4681666,5,14627,1218.91666666667,312.431514764189,26.0359595636824,"150000 or more",2940.58488399986
"619","Maine",1329453,1331479,6,6210,517.5,466.398643914023,38.866553659502,"150000 or more",2952.81382643839
"620","Maryland",5994983,6016447,8,7083,590.25,117.727289877232,9.81060748976929,"150000 or more",6938.89197016906
"621","Massachusetts",6784240,6811779,6,5880,490,86.3210623832629,7.19342186527191,"150000 or more",6905.28390799854
"622","Michigan",9917715,9928300,4,26151,2179.25,263.398541200554,21.9498784333795,"150000 or more",3229.15264251897
"623","Minnesota",5482435,5519952,3,17391,1449.25,315.057087452934,26.2547572877445,"150000 or more",4739.11139849355
"624","Mississippi",2989390,2988726,1,11264,938.666666666667,376.882992954188,31.4069160795157,"150000 or more",1699.37900374324
"625","Missouri",6076204,6093000,5,26691,2224.25,438.060068931561,36.5050057442967,"150000 or more",2969.57903322535
"626","Montana",1032073,1042520,9,12987,1082.25,1245.73149675786,103.810958063155,"150000 or more",2692.81998463287
"627","Nebraska",1893765,1907116,5,8228,685.666666666667,431.436787274607,35.9530656062173,"150000 or more",3261.50272077053
"628","Nevada",2883758,2940058,9,7452,621,253.464387437255,21.1220322864379,"150000 or more",2926.98849903494
"629","New Hampshire",1330111,1334795,6,5961,496.75,446.585430721571,37.215452560131,"150000 or more",5876.1911599859
"630","New Jersey",8935421,8944469,8,3957,329.75,44.2396300998975,3.68663584165812,"150000 or more",6957.17398206531
"631","New Mexico",2080328,2081015,5,8291,690.916666666667,398.411352152675,33.200946012723,"150000 or more",2526.71660430471
"632","New York",19747183,19745289,6,19935,1661.25,100.960791204423,8.41339926703529,"150000 or more",5494.72853925545
"633","North Carolina",10035186,10146788,1,28769,2397.41666666667,283.528147035298,23.6273455862749,"150000 or more",3025.91157752333
"634","North Dakota",756835,757952,3,4952,412.666666666667,653.339525458077,54.4449604548397,"150000 or more",4556.11196628063
"635","Ohio",11605090,11614373,4,29632,2469.33333333333,255.132153926863,21.2610128272386,"150000 or more",3175.61001250313
"636","Oklahoma",3907414,3923561,5,18364,1530.33333333333,468.044207800006,39.0036839833339,"150000 or more",2701.23595810426
"637","Oregon",4024634,4093465,9,17350,1445.83333333333,423.846301360828,35.3205251134023,"150000 or more",3589.09816395727
"638","Pennsylvania",12791904,12784227,8,30633,2552.75,239.615582545585,19.9679652121321,"150000 or more",3990.58506849332
"639","Rhode Island",1055607,1056426,6,1087,90.5833333333333,102.894097646215,8.57450813718456,"150000 or more",4555.02019217379
"640","South Carolina",4894834,4961119,1,13354,1112.83333333333,269.173144203959,22.4310953503299,"150000 or more",2580.84797155532
"641","South Dakota",857919,865454,3,6194,516.166666666667,715.6937283784,59.6411440315334,"150000 or more",2769.56099585159
"642","Tennessee",6595056,6651194,1,18427,1535.58333333333,277.048000704836,23.0873333920697,"150000 or more",2762.35288980109
"643","Texas",27429639,27862596,5,75956,6329.66666666667,272.609199803206,22.7174333169338,"150000 or more",3915.62195915156
"644","Utah",2990632,3051217,9,11105,925.416666666667,363.953137387475,30.3294281156229,"150000 or more",3237.50698848939
"645","Vermont",626088,624594,6,3724,310.333333333333,596.227309260095,49.6856091050079,"150000 or more",3622.97073254878
"646","Virginia",8367587,8411808,1,20580,1715,244.65608344841,20.3880069540341,"150000 or more",5866.55878211962
"647","Washington",7160290,7288000,9,14427,1202.25,197.955543358946,16.4962952799122,"150000 or more",5068.23339557476
"648","West Virginia",1841053,1831102,4,10736,894.666666666667,586.313596948723,48.8594664123936,"150000 or more",1915.0848997829
"649","Wisconsin",5767891,5778708,3,18875,1572.91666666667,326.63010486081,27.2191754050675,"150000 or more",3176.95847581031
"650","Wyoming",586555,585501,5,7358,613.166666666667,1256.70152570192,104.725127141827,"150000 or more",3161.49329559888
